"","name","mean_ndci_fall","mean_ndci_spring","mean_ndci_summer","mean_ndci_winter","min_ndci_fall","min_ndci_spring","min_ndci_summer","min_ndci_winter","max_ndci_fall","max_ndci_spring","max_ndci_summer","max_ndci_winter"
"1","Aberdeen Lake",0.0734367025676171,0.032010009246905,0.0781619946307003,0.0764389859693375,0.00154352309624204,-0.0154316839462328,0.0448145693877379,-0.0112468002125234,0.316138761240737,0.0733381936469197,0.135001723919731,0.6675
"2","Abiquiu Reservoir",-0.0648927408513112,-0.0418481290882628,-0.0363805902176257,-0.0608353606156325,-0.139948529853545,-0.127415720296798,-0.137777649040192,-0.143023564257604,0.0074599584398525,0.0137640264285216,0.0236650974925256,0.0141879477328721
"3","Alamo Lake",-0.0780982740247294,-0.0347683966261253,-0.0491402581703452,-0.0899370574191507,-0.111352834537239,-0.133968794439001,-0.102583403134997,-0.154945531928698,-0.0301576552947565,0.147360796759662,0.00318078423541976,-0.0238170298482262
"4","Aliceville Lake",0.0945181835439298,0.0353726328685326,0.0775135349608768,0.0320184597639393,0.0232037092689071,-0.0197831052378122,0.0211438436999146,-0.0127339648116648,0.497923583727306,0.0993244607630655,0.121261771586701,0.110619613438581
"5","Allegheny Reservoir",0.0273969341786673,-0.0117700749520553,0.0112943428590156,-0.00482637669399561,-0.0483926222406407,-0.129632443620804,-0.0667914501653516,-0.123318443540198,0.133150565161075,0.121789202107536,0.0793114103993371,0.0545766611280515
"6","Almond Lake",0.0809390115816324,-0.0104461786003589,0.08717820885086,-0.0217162927693792,0.0128489110777062,-0.0767723787470657,0.00658836929851261,-0.03897568887485,0.124590090281378,0.0620681411663482,0.198825774791969,-0.0014366060900848
"7","Alum Creek Lake",-0.0045509638627406,-0.0225341317016168,0.0319253031933148,-0.0470871340176799,-0.086546777194954,-0.0749532349948684,0.00384024439285686,-0.10736940108291,0.10922793425223,0.0680684330440462,0.0780799541342182,-0.0163683359504802
"8","Applegate Lake",0.0240227123646238,-0.061141267573785,-0.0967974183666203,0.0293558186758133,-0.0278565041611421,-0.504814510117546,-0.224092654907247,-0.0137117992829039,0.055036949081401,0.0348500778375153,-0.00365293355293379,0.0563082139067577
"9","Aquilla Lake",0.118592542899194,0.0419360761786035,0.0704135639551904,0.0301664440038812,0.00722192179720918,0.00162455490799259,0.024809754280054,-0.0600406939545416,0.169973751748816,0.0851464672265811,0.156633393315042,0.0664471484808238
"10","Arcadia Lake",0.120495276030469,0.0379280385284873,0.0870166985840595,-0.0718444476086063,0.0710786189202049,-0.0561700594688832,-0.00213063752075443,-0.110976908134187,0.186055296116164,0.118004045853001,0.144000710889932,0.00436800308440251
"11","Arkabutla Lake",0.0843554137868862,0.0330638029512129,0.129678531804106,0.0285569028028975,0.0216941299387899,-0.0785168361162523,0.0976686789856685,0.00523126123389043,0.193988826815642,0.108776569522668,0.179931127323697,0.0489583462497345
"12","Arkansas River Pool  3",0.0885528913196108,0.0180061280968775,0.0520312517839582,0.0428993667701472,0.00311275945551706,-0.0334906249505484,-0.0463178724414906,-0.0493664927819017,0.41813092831597,0.132807376376214,0.171299375265988,0.292464257904529
"13","Arkansas River Pool  4",0.0964981583397696,0.0107002032781026,0.0496951418783323,0.05865525973072,0.016559403265329,-0.05259630506033,0.0158506438246234,-0.0787849527055707,0.318701305553635,0.0813916970138716,0.100716191920344,0.341782723110639
"14","Arkansas River Pool  5",0.10212348998587,0.00575215785389903,0.0401345336634485,0.0304319093863764,0.0394867047027179,-0.0392358605806274,0.00291680564700714,-0.0434819647000641,0.255898529625013,0.0436273273000651,0.0760876664109468,0.191341680722034
"15","Arkansas River Pool  6",0.112945010110119,0.00407632146052972,0.0453916651277347,0.0217191700100958,0.0381772997869567,-0.0378932404098309,0.00448868494047138,-0.0601982893274154,0.250792292228076,0.0455565356244862,0.0778216164392444,0.227011944769356
"16","Arkansas River Pool  7",0.111698454813513,0.00275731226186552,0.0454459321172788,0.0161148125256719,0.0479024434098793,-0.0468044516532319,0.00666269679579468,-0.0642577736420514,0.262582089037198,0.041355137738731,0.0839878774681926,0.223234223740906
"17","Arkansas River Pool  8",0.109125465970196,-0.012374185472225,0.0490726786770792,-0.002427129266405,0.0116583358019764,-0.0539392322887248,0.0125711486143327,-0.0944720508695415,0.262831130097061,0.042937515684568,0.105857055778112,0.231888848888139
"18","Arkansas River Pool  9",0.114939916963836,-0.023138485167944,0.0365502458828642,0.00910804257668619,-0.0134584503284541,-0.0588835037930364,-0.0347384871728195,-0.103000824016656,0.279089178895047,0.0245124083981365,0.128292360239223,0.263583337243177
"19","Arkansas River Pool 13",0.13055559314793,0.00457621342932385,0.0579062013783466,-0.0100588071878332,0.0361276991852594,-0.0469101960812037,0.0254548492748236,-0.101576649397648,0.212438265358235,0.0579172692546682,0.234187201247205,0.0745428280584458
"20","Atwood Lake",0.0601382066064674,0.025818765311962,0.0426401444011438,0.0383150637742222,-0.00756347597284545,-0.035824967620773,-0.0323495190338657,-0.0268203206698557,0.144112436135832,0.103523492507595,0.125515767770887,0.107355573589051
"21","Aylesworth Creek Lake",0.0068215676443862,-0.0507581331053526,NA,-0.0603481544605533,-0.0759237293365054,-0.173824695619723,NA,-0.109971494192396,0.26019221165207,0.0184434855819828,NA,-0.0213740693099982
"22","B. Everett Jordan Lake",0.121729158985257,0.0714984456919936,0.0892871387351652,0.0416189027439627,0.0635654435134355,0.00856835900697771,0.030764768175504,-0.00619647506238998,0.183014010862106,0.119174312489683,0.143188830739736,0.140267117480051
"23","Ball Mountain Lake",-0.0637700072524928,0.0185285402093823,0.0451444390013861,0.00230800783637652,-0.298051949976438,-0.136528197990924,-0.0156551581411696,-0.0231524752295901,0.0395355680442963,0.191196518957984,0.0846246587845656,0.0384661500493954
"24","Bankhead Lake",0.0714386589826161,0.00488580689916201,0.0418368708601212,-0.00737150165852513,-0.0381152430681762,-0.0720618688020897,0.0228185330695312,-0.0965562307906263,0.181880710607298,0.0918238241642167,0.0865438312334668,0.148618500581752
"25","Bardwell Lake",0.134895369864801,0.0325631632790494,0.0914430730467119,-0.0325363568370825,0.0217197347332594,-0.0155374018901169,0.016767352977438,-0.115726278689724,0.209861222778005,0.0572071838141145,0.163323124597032,0.0673587260115732
"26","Barren River Lake",0.121492805090389,0.0725251845508077,0.0816274825404853,0.053337487817549,-0.0538573508005823,-0.112238427393786,0.00850909394838571,-0.0783939675344696,0.341693107334886,0.530527394919695,0.199858840919785,0.319919517102616
"27","Bay Springs Lake and Divide Cut",0.057029414498094,-0.00400911511209407,0.0317392453551227,0.00931752990131441,-0.0194543862583169,-0.0399860191513904,-0.0313680589992279,-0.0414896170557308,0.374480094313672,0.0728146670143903,0.0886210217690189,0.0587254185263279
"28","Bayou Bodcau Reservoir",0.228696218428499,0.0659461314533773,0.104152642243672,0.0413344206827388,0.164895170326614,0.014117025405756,0.0367369282859032,-0.0219262290067369,0.276826309594907,0.0998920536461349,0.155901281319806,0.174732964582888
"29","Beach City Lake",0.123113315872892,0.0678096765309696,0.11983821241586,0.0375112971124769,0.0434217956979308,-0.023539783885775,0.0210707768812961,-0.00859616617798125,0.195024082270681,0.162559405602674,0.183414562495298,0.0875225426235741
"30","Bear Creek Lake",-0.0345226654098015,0.0117737902110903,-0.0775041055879171,0.0344978946354383,-0.160423162583519,-0.0551330910461747,-0.277631721439714,-0.0552946263247702,0.0735420919127215,0.0934546452802073,0.0871742799511508,0.151728747645379
"31","Beaver Lake",0.0184416139762276,-0.0430967110795013,0.0447729397710493,-0.0381266513502653,-0.109079884983767,-0.184460801581639,-0.00589888431518022,-0.161278160882991,0.136644976551065,0.0592199339261355,0.115393784352396,0.0553533271660029
"32","Beech Fork Lake",0.0147770420473206,-0.00705655900561142,0.0153982345772377,-0.0101816115940736,-0.0663007822563977,-0.0883644439616293,-0.111817077314656,-0.0549249245939167,0.0808290069953219,0.0649058300780124,0.0490042464537205,0.0415873168163705
"33","Belton Lake",0.0413567869659473,0.0238273344288439,0.0367524421388093,-0.00870672837240799,-0.0108584476285077,-0.0138066667420741,0.0199069349668411,-0.0981490287755637,0.0864632429310905,0.0869409660107335,0.114015833334622,0.130445892423662
"34","Beltzville Lake",0.0498920641985528,0.0380449022209221,0.0401571388168802,0.0275437241345907,-0.0107771277403295,-0.0132801531259737,-0.0354709974067519,-0.0799597567870074,0.104515334640247,0.156670959558974,0.0944043886517512,0.0805699467727103
"35","Benbrook Lake",0.0765086888020388,0.000561142577038396,0.0285187492855432,0.0256266120577677,0.0162719813179893,-0.0681817825832716,-0.0121440842544893,-0.0231518183612538,0.131560153040604,0.0539862231555271,0.0599250885819614,0.0833096523668257
"36","Berlin Lake",0.110089285637118,0.0477509480771979,0.0910505000774682,0.0114180969526872,0.0212282323932809,-0.0527244683360437,-0.0105857793408768,-0.0534784232430097,0.180414450746542,0.135261871444102,0.264636334661532,0.0804553619963514
"37","Big Hill Lake",0.0320691497870465,0.0214683326455836,0.0557468059517903,-0.0294766933970272,-0.0552027039227176,-0.0906906885585178,0.00197101378543412,-0.146013719324625,0.0977853656265525,0.078648381684255,0.144845581702212,0.0404967356642544
"38","Big Sandy Lake Reservoir",0.0575120424949456,0.0306413216006313,0.0601267848231745,0.0306966329921923,-0.048251858690884,-0.0289636478762913,-0.0101836612647557,-0.00204347331476669,0.191639523914848,0.0919149637897559,0.123623277078247,0.0856652513538529
"39","Birch Lake",-0.00868658455308213,-0.0240564293926612,0.0341286147700189,-0.0666820608932176,-0.133809916427675,-0.110325675652177,-0.0675157083395369,-0.123357082051489,0.0566552846957619,0.201521555973186,0.106503988426744,0.0152968575447883
"40","Black Butte Lake",0.0293299391392356,-0.00602195170888864,-0.0087663059438978,0.0136528529660378,-0.0562820869823,-0.0975448884287704,-0.115109736826416,-0.054104743211129,0.0928131279096913,0.0685654695952553,0.0929818939893687,0.0877679967415013
"41","Black Rock Lake",0.0633398924275593,0.0788110797374394,0.0903168449921715,0.0770567267330556,0.0257137333247408,-0.00944032366824038,0.0248525695029486,-0.0220120990290278,0.120907318074515,0.139433551198257,0.132636469221835,0.221465076660988
"42","Blue Marsh Lake",0.126371414178716,0.0234609575267818,0.106317549402821,0.00220098413537923,0.0482250241144137,-0.0802847133129373,0.00958998446026747,-0.0593173949616263,0.229062977960535,0.0967192363765929,0.235652427349737,0.0390304616785524
"43","Blue Mountain Lake",0.104494072063202,0.00208372482272331,0.0843477026712634,0.022101059412268,0.0604989976653004,-0.067277459159219,0.0297654861705238,-0.044485258323968,0.148299568811501,0.0923680016595324,0.15649025279324,0.0912901994529103
"44","Blue River Lake",0.0255997937590584,-0.106314639989291,-0.0439548917207779,0.0337687574769996,-0.0696932145375148,-0.446055298248395,-0.205427923903744,-0.0258866386016314,0.0951342790458209,0.0537034811832185,0.0456995907888178,0.0741130029377261
"45","Blue Springs Lake",0.0936432812099953,-0.0374036931794378,0.0425121613435013,-0.0519995209220877,-0.00369359455499081,-0.11594904941846,-0.0418807782311336,-0.135491681072319,0.136054079318765,0.0332703057699086,0.0912948087497974,0.04106570351944
"46","Bluestem Lake",0.412091265390728,0.0573832236380191,0.177816223422672,0.0502694892457298,0.110577171383992,0.0189181210890948,0.0658695635981299,-0.0637636080870918,0.551952678660747,0.118733019225548,0.391615953799445,0.354564335087783
"47","Bluestone Lake",-0.0315356654109627,-0.0313651101100914,0.0104707372911233,-0.00957533858140027,-0.168123582386751,-0.129055709368429,-0.047916451137497,-0.0859135852490935,0.0686225984481948,0.0768400665565301,0.091531012869059,0.0667867534986837
"48","Bowman-Haley Lake",0.0492091780254793,0.0470291969032694,0.130282354158274,0.012048822585158,-0.0845479646771552,-0.0703583365024589,0.00329509608149816,-0.0352196236785659,0.226808786931117,0.292646445738728,0.414655457837444,0.0626165529662656
"49","Branched Oak Lake",0.199587943989999,0.101151888605441,0.153024019466656,0.0156847816759856,0.0367442792921477,0.00104643447819243,0.0199584083326009,-0.056362425646033,0.343092815311982,0.339416842757603,0.416468088015995,0.119642932394741
"50","Broken Bow Lake",0.00921401397162926,-0.0152751825074959,0.0274838593265495,-0.0726083080497684,-0.109450809825019,-0.0939140593068207,0.00909243929637886,-0.225482831633635,0.0905918310756511,0.0429848944622478,0.0511483831436978,0.062579978414821
"51","Brookville Lake",0.0212722730592985,0.0062236450742863,0.0473465675967993,-0.0431240524436506,-0.0883495286982944,-0.159825828842686,-0.00357566512082463,-0.124607277233008,0.102142236574559,0.112821093637824,0.167394695643907,0.0327927243369029
"52","Buckhorn Lake",0.00487373811036995,0.0108157820825245,0.0753594899526463,-0.0125344963254492,-0.130118441818586,-0.106624778325293,-0.108032318950916,-0.127663633980411,0.143714354232826,0.109295570079884,0.396305157454099,0.0534644525443042
"53","Bull Shoals Lake",-0.000401237966506318,-0.032446143901775,0.0290440616328302,-0.0679998844229996,-0.153283980103371,-0.191775444600464,-0.0714451191096894,-0.210761217456686,0.0963465970826729,0.077277970011534,0.11747355476732,0.0324481328650775
"54","Burnsville Lake",-0.0153084756530287,-0.0230317920220478,0.0104916471414372,-0.021942915417445,-0.129128247696872,-0.116037206655948,-0.0584215978889302,-0.0613827183101324,0.060103493270897,0.0728744251583475,0.103528271143503,0.00803820135296458
"55","Burr Oak Reservoir",0.0282716195376927,-0.0285973130042543,0.0287637191535471,-0.0610989759130841,-0.0930760596174194,-0.109969600269471,-0.222387184788971,-0.136757895497252,0.117177373360295,0.0695998875098382,0.166199639592357,0.00755308536411568
"56","Caddo Lake",0.0863191010674495,0.0375741423214983,0.0762365178255633,-0.00163079146342437,-0.0118421895082179,-0.0593469377817638,0.0321212436674479,-0.0788012339910154,0.204081753140027,0.110376327514221,0.328953655040612,0.0913375596044344
"57","Caesar Creek Lake",0.0232728631545571,-0.0103917576457899,0.0466688055189831,-0.033729529339705,-0.0514346650758256,-0.105254616907485,-0.0494691390463661,-0.0975944022104743,0.0848682077143168,0.0799061173089797,0.194643113740307,0.0302383493418712
"58","Cagles Mill Lake",0.10644424358092,0.0285610583108018,0.084001896514949,-0.00716890588384115,0.0134281531060448,-0.0557699765257886,0.0170355543900566,-0.130553337294489,0.18909107314842,0.133973561512026,0.175443551965844,0.125775963266538
"59","Canton Lake",0.107017704033162,0.0150713802280387,0.0693999694616877,0.025968123708452,-0.00867435759265853,-0.0732113537681414,-0.0883195850363362,-0.102158282253816,0.206354376813048,0.0679713437008562,0.179544687253942,0.084858643441077
"60","Canyon Lake",0.0110482457788944,0.0153473453709597,0.0292007245175134,-0.0470369081781611,-0.0409338165554773,-0.0483125004184681,0.014610415342817,-0.165779799332891,0.0973225526857999,0.099284291062464,0.0935950703518596,0.041982662307668
"61","Carlyle Lake",0.112473506626114,0.0953087999008289,0.117568309968413,0.050530269845516,0.0417637569456892,-0.0450275850603129,0.0661980082015232,0.00349291920582525,0.171113446096649,0.215705876335482,0.198856099090421,0.0867122640793403
"62","Carr Creek Lake",0.00157030556616426,-0.0192196536352077,0.017865583772086,-0.0407827587080088,-0.127926643573328,-0.128833139139634,-0.158918170584093,-0.124124322202872,0.0667242897622297,0.111761321325214,0.128101945003353,0.0751932017369022
"63","Carters Lake",0.0110113538184472,-0.0192696674523378,0.021539720226147,-0.0683255624241439,-0.0842051103390573,-0.164402578017449,0.00352911280988557,-0.191682019082292,0.0815118263985172,0.0511693779735258,0.0554684541884838,0.0221597428024122
"64","Cave Run Lake",-0.0420806525535431,-0.0462920081615548,0.0257573508991548,-0.0704422185862659,-0.153690164874381,-0.130398423827864,-0.0265972236130568,-0.227806637508121,0.0492867479520912,0.0614951230174757,0.17360311283437,0.110781327293082
"65","Cecil M. Hardin Lake",0.0747761843679067,0.0367737702184118,0.0759548926252586,0.035328309185083,0.00494299615904693,-0.0532768769676128,-0.000808869306619733,-0.0091350200337049,0.166882474386482,0.150608867553906,0.18338810603706,0.129535411818181
"66","Center Hill Lake",-0.000629360029567368,-0.0111551049698639,0.000658884889426994,-0.0566542130016216,-0.138027248053625,-0.158874737360247,-0.131860382987346,-0.190163678474966,0.154285714285714,0.111004689582334,0.0739243409251792,0.0774226763296502
"67","Charles Mill Lake",0.18800362887547,0.106508454971336,0.180482766832952,0.124159061680186,-0.0272358229951526,-0.0370797911817653,0.0850579734943075,-0.0546077823119747,0.331340450847631,0.428210608121236,0.3615959494873,0.690063133322723
"68","Chatfield Lake",-0.116120965484792,-0.047947894947082,-0.0465679625605019,0.0112941858515845,-0.283995591199915,-0.227576245955184,-0.292256993195645,-0.154592334156124,0.0626788919880489,0.0242148860685231,0.108592155973702,0.0833664227310403
"69","Cheatham Lake",0.0451519006202452,0.042913815131223,0.061500019378312,0.0069539839053609,-0.0599909345314727,-0.0517518471945294,0.0206833253829234,-0.105350505608397,0.123491060603434,0.151592425439932,0.113487496904948,0.119836858799715
"70","Cherry Creek Lake",0.0422356839234809,0.0440003044460056,-0.00983639497536152,0.053367845656152,-0.0451939218910979,-0.0957183854544542,-0.188110975871762,-0.00130176733338696,0.142524381521817,0.156421922496751,0.0849794855196758,0.204833213828273
"71","Claiborne Lake",0.0624463972984991,0.0433618091596586,0.0475891178718051,0.0223721873292973,-0.0453993134869809,-0.039030670211897,-0.0156688849286111,-0.0692141120428072,0.556867196367764,0.442119639442775,0.191010887662751,0.675365935923026
"72","Clarence J. Brown Reservoir",0.120583655874186,0.102141263899837,0.100012193597924,0.0635383935642865,0.0371116225546606,0.0295483664317744,0.0301797646150854,-0.008683290851066,0.172987446391083,0.140083319664708,0.157861680504811,0.129078952985099
"73","Clearwater Lake",-0.0418952239127152,-0.0491888804271092,0.00565608032061287,-0.10035087224821,-0.149554755129078,-0.159812084631828,-0.0981071567563569,-0.226102422957259,0.0617907728439657,0.0384229359055812,0.0992766461850737,0.0215423781172609
"74","Clendening Lake",0.0779338677462521,0.00234430834391798,0.0867628983768343,0.0347445550233798,0.014020502803412,-0.0471613698753419,0.0122150167770388,-0.0341780895816764,0.162443639446881,0.0521058884680982,0.17228603164313,0.104529583966374
"75","Clinton Lake",0.0329446662158769,0.0248275497844849,0.0625680214454059,0.00451492740870315,-0.0783335581257896,-0.0355792726148496,0.00775578039428499,-0.0919009065139576,0.146660702198724,0.0978330639080439,0.179869838661303,0.0662481180203654
"76","Cochiti Reservoir",-0.038353961393596,-0.0146087946205978,0.0090483020917924,-0.0450511805562081,-0.129137269120773,-0.0783194990564404,-0.0751569687825227,-0.131565630723001,0.114760804016538,0.044837773536563,0.119243970788226,0.0303836547780041
"77","Coffeeville Lake",0.0134791508397752,0.0168396894339093,0.02262670641073,-0.0116725196593169,-0.0835354269051987,-0.021208894893871,-0.0202236576835748,-0.0813621419918605,0.0848128461795248,0.175700934579439,0.0560692992783137,0.0396591565528296
"78","Cold Brook Lake",-0.089961074455463,-0.031380381301009,-0.0556532443334644,0.0686206342694004,-0.348026250116931,-0.152707062464043,-0.361910163004393,-0.0215113431355546,0.200326060242242,0.0717311471404102,0.0976094869080741,0.521367521367521
"79","Colebrook River Lake",-0.049819676985687,0.0300931960035242,0.0405852940271306,-0.100609000150432,-0.184101092478325,-0.0351687739873492,0.00389220680659819,-0.539479629694579,0.111627131162133,0.0901076497577399,0.0901513097629631,0.0213447950557037
"80","Columbus Lake",0.0781760618920646,0.0456144009791224,0.0817642132178659,0.0332613080341738,0.0118248733478945,0.0115362288470289,0.0415079519704781,-0.00137379290631439,0.337796293262509,0.0855660287292,0.108909794781916,0.0704155849684666
"81","Conchas Reservoir",-0.0591075467138726,-0.0604676867814885,-0.0130004495576805,-0.0771170799095768,-0.132072273623444,-0.145039301331747,-0.0698594448243905,-0.22790730363423,0.0484590012439894,0.0167858253030774,0.0221294668328274,0.0197646976147671
"82","Conemaugh River Lake",0.063255747817388,0.010339143083812,0.0470425252230759,0.0183383608944531,-0.0703174948326728,-0.128042248579003,-0.0345207291212976,-0.141260827883159,0.186227936369579,0.0824334430581167,0.118750984826068,0.280279175458529
"83","Conestoga Lake",0.147051091752161,0.0490769959729613,0.142853174233364,0.00847292085753323,-0.0136720238228526,-0.0693216947108456,0.0319704842420266,-0.0864040373711793,0.241168801740408,0.198042716620304,0.267039759446302,0.107939328747822
"84","Copan Lake",0.0937286857693869,0.0603223591331713,0.0895544274364323,0.0489827668009697,0.0245854876767531,-0.00754857962122862,0.0229417492157253,0.00597777547937824,0.165712488002484,0.0927311950576133,0.150451112905456,0.0993297469630063
"85","Coralville Lake",0.159855423510918,0.114484162026238,0.186181225287053,0.0511614067166399,0.0123238313914733,-0.0203411840353848,0.0781351512472752,-0.0132995622294575,0.333754789304886,0.273806844922087,0.364053265302208,0.159164826117871
"86","Cordell Hull Lake",0.013473716170807,-0.00499179994365385,0.0197521304972778,-0.025036801650399,-0.0944307595027773,-0.122411086533523,-0.040350229693243,-0.103734439834025,0.110315927423175,0.256767842493847,0.0931895570627561,0.0422190122678165
"87","Cottage Grove Lake",0.0479347439125027,-0.0464223831760571,-0.00274678669932717,0.0383704402262352,-0.00455529617253701,-0.15523771397156,-0.134548131731867,-0.115003091919039,0.0962822874556526,0.0362028699118087,0.0863132641067959,0.110920981921951
"88","Cottonwood Springs Lake",0.124975674071732,0.044566997553312,0.0441439556020814,0.0439169461830778,0.0218062779908822,-0.0122571679892593,-0.144591703007621,-0.0560127422352004,0.327250046572106,0.155782765502994,0.261121085178536,0.183774851755619
"89","Cougar Lake",0.0339911618260818,-0.0112726619183351,-0.00988135721570686,0.0675038554333275,-0.00693562293143185,-0.0467194028126932,-0.048639663291354,0.0274960047665713,0.0970065324274019,0.0242714527365147,0.0168820214539122,0.118536893352857
"90","Council Grove Lake",-0.00109116010893986,-0.0131549805669312,0.0194783697136171,-0.0736170791551392,-0.0313604707676155,-0.0520114378898831,-0.0272148652784071,-0.158360851196987,0.0357584813553758,0.0692919348731541,0.0805428472515102,-0.0373727641279771
"91","Cowanesque Lake",0.00125437283280988,-0.0278034865532457,0.0320535083577924,-0.0186579297221042,-0.0769519734807325,-0.124842678372594,-0.02891262850091,-0.12673424542006,0.0765465656509078,0.107103618632141,0.0873531446836773,0.0340038803226795
"92","Crooked Creek Lake",0.0716447745720505,0.0353917900315696,0.0480380481362405,0.018035027766466,-0.0225826557332126,-0.131802714197489,-0.0176677485473085,-0.118968302099838,0.164746299502438,0.162266897718297,0.13834024102062,0.196476337650317
"93","Curwensville Lake",-0.0106710098622326,-0.0496099100954127,0.0266272697532637,-0.0425336608525624,-0.158270122606808,-0.12101318587676,-0.0870453787714158,-0.251898626465934,0.111565991826321,0.0631356409585987,0.0880160393297624,0.0226238930064236
"94","Dale Hollow Lake",0.00296275766875491,-0.0243414279132079,0.0207617544743759,-0.0545050022554376,-0.1484263892598,-0.188995329818151,-0.0293320403200117,-0.157923369584765,0.120656468442914,0.0967375802172676,0.0698285077784584,0.0400868504413494
"95","Dardanelle Lake",0.13458053978583,0.00231183995453082,0.0492850822064532,-0.00207988783346952,0.0276082513774676,-0.071461549655269,-0.00909089797129824,-0.0834708239360341,0.269335170887378,0.186890208323756,0.109575784087124,0.16474699173568
"96","DeGray Lake",0.0511308676768408,-0.0180560634759532,0.0251154405772429,-0.0256294120724551,-0.00227962205297177,-0.118549470952251,-0.00186677277405858,-0.107617673682352,0.199918308557179,0.0332403762912233,0.0778501081174363,0.0633946830265849
"97","DeGray Reservoir",0.10541667408538,0.0042472726558852,0.0705493474878997,-0.0604669401888645,0.0243561205283344,-0.104574184393792,0.0181808680427537,-0.130707051640098,0.201989531367821,0.0845402719908849,0.131263343308048,0.029545063882992
"98","DeQueen Reservoir",0.0627706009070559,0.0501739625766051,0.050681734828054,0.00507038224897637,-0.0210478976077197,-0.0774172230714035,-0.0340837183110788,-0.0626278274608233,0.165823083085914,0.186748272218054,0.261306943649301,0.14660224317926
"99","Deer Creek Lake",0.16465678873196,0.0126488470805293,0.0877936440754159,0.0310096294513289,0.0306718501781135,-0.0607213762291385,-0.0407873082857372,-0.0321085411672372,0.294923204662812,0.0911997044181194,0.219096838646955,0.12232466804888
"100","Delaware Lake",0.124041703727196,0.0242435914105157,0.0955453132566005,-0.00471555395414258,0.0331772327953874,-0.0481416412331304,0.000709927762769917,-0.0648238259422708,0.25549408408268,0.104364085442101,0.211640213234256,0.023187646957833
"101","Demopolis Lake",0.0275969181084959,0.0218469011730365,0.046692053230701,-0.000511502955857376,-0.0835695947702506,-0.0166431060032611,0.00956105620248862,-0.0559302872042806,0.140600281743331,0.0863814852131425,0.0902047885687102,0.0465287739896829
"102","Detroit Lake",0.00938904349660357,-0.0786504310735666,-0.0348696133111687,0.01291407410259,-0.072926639190588,-0.415050438051513,-0.277987381368039,-0.0244143063328605,0.0877821166410274,0.0368498240329023,0.0651000273088208,0.0383322767685728
"103","Dewey Lake",-0.00484465202892548,-0.0310379643335926,0.0135120985594434,-0.0623828280637316,-0.130986690803351,-0.117900039247645,-0.133929293774086,-0.135184499805365,0.0630303347912102,0.0597978014382241,0.0719760079973342,0.0323143635820545
"104","Dexter Lake",-0.0624246022522155,-0.100557562748794,-0.075329891628372,-0.0607241706732191,-0.141682373399182,-0.217668478576698,-0.165129950202577,-0.210317693323486,0.0119053198968829,-0.0276956751842447,0.0298023478606396,0.0331889351679239
"105","Dierks Reservoir",0.0732053311374477,0.0533619199830697,0.0583447761661318,0.0239308418928127,0.00189312028867642,-0.0674638030821014,0.0197713227392878,-0.0626784337542483,0.140166657237214,0.192555736293894,0.136872827698753,0.180030427913075
"106","Dillon Lake",0.109008006040252,0.0398114298985726,0.117521017717816,0.0187569471177563,0.0206507471527176,-0.0547826865201239,0.0114613180515759,-0.0516730474648146,0.241936721286547,0.201691101168102,0.229157498386118,0.107505096857137
"107","Dorena Lake",0.0174904945385804,-0.0312064645847204,-0.0104111871028805,-0.0329125794185017,-0.128597882275091,-0.203505077270611,-0.172255577706264,-0.253221106638767,0.194072521618649,0.0870920124651469,0.104506388236412,0.0990156340474811
"108","Dworshak Reservoir",0.0733058048331721,-0.0176572906366068,-0.033620391620951,-0.0121938596797786,-0.0620192298209366,-0.215113657556484,-0.291941875825627,-0.398927318564198,0.261100149097051,0.10857162749693,0.109994668146925,0.0622996801641421
"109","East Branch Clarion River Lake",0.0234227131187391,0.019582613030184,0.0277165222881522,4.81311137410156e-05,-0.0798915861728346,-0.123886796823194,-0.0716563840877868,-0.0469917956670577,0.127588329199132,0.123896106349243,0.109032195696164,0.0549391048446516
"110","East Lynn Lake",0.0348073730651007,-0.00510318508670226,0.0522855740553669,-0.0391943543984314,-0.0836381126392865,-0.135549472482872,-0.115134865492347,-0.155271271335067,0.110827095877245,0.107815481189059,0.112109208338452,0.065797925127158
"111","East Sidney Lake",0.0738953253104472,0.0253992655647682,0.0578355423081704,0.0175881893618702,-0.0545473435439404,-0.172070152040179,-0.0184741376758207,-0.00414653153417598,0.161937648935888,0.131114251380187,0.196903818307084,0.0351214028689094
"112","Eau Galle Reservoir",0.108499522385211,0.0354217519487066,0.22160536172707,0.00612334730160898,-0.126384096492028,-0.0384022119049507,0.082533612967964,-0.0140879299174167,0.316490583371612,0.133457816127826,0.653340561755814,0.0362263948729999
"113","Edward MacDowell Lake",0.163179487591431,0.0599537078450411,0.173308529848696,0.00823736101725498,0.0665548311101072,-0.0329571330558154,0.0949676821251214,-0.102994201479696,0.296529858271914,0.130953392442417,0.264686899148808,0.047077638712765
"114","El Dorado Lake",-0.0332515918689018,-0.0407051802956351,0.00605209631472772,-0.106098286555662,-0.0924629724642712,-0.124564393584055,-0.0403164720662185,-0.16944446811336,0.0238259277921171,-0.000233685188667224,0.0776995267039278,-0.0744803791515496
"115","Elk City Lake",0.0366496973783061,0.00990112104120761,0.0478155560261444,-0.0194864655450629,-0.0222267847856069,-0.025365571190513,0.0162913197573334,-0.0704931847264684,0.0828785774964635,0.0579955737052162,0.0954484181630361,0.0247762789838291
"116","Englebright Lake",0.0305140762298718,-0.217337894808093,-0.0499598064071615,-0.224789662409569,-0.0338294623940494,-0.591424944286573,-0.0989424946494378,-0.360641592668268,0.111600680962353,0.0534870261385861,0.062329451017738,0.0428098713400554
"117","Enid Lake",0.0709641749946792,0.00636312301189742,0.0331867435814902,0.0518369286954958,0.00779534983264627,-0.0862647182193748,0.00142003371303063,0.0214372624369459,0.0996320233391219,0.0422360831828408,0.0523128361441422,0.0872034264755241
"118","Eufaula Lake",0.0612266572677952,0.0434022258599438,0.0621195925241689,0.026129649398238,-0.0383636355969355,-0.0245294748405419,0.000666945940507951,-0.0318552969649739,0.185233504156825,0.228858524356111,0.167968519908034,0.140404409795342
"119","F. E. Walter Reservoir",0.0639238222718329,0.0124183269235109,0.055564791715503,0.0035905869417287,0.00315535250970176,-0.103585406977432,-0.0293236911872686,-0.0670166423083755,0.122137863650417,0.137711724603006,0.212148888351645,0.0448702504302665
"120","Fall Creek Lake",0.0674938592716441,0.0123565943263729,-0.0181125272308695,0.0787077457904681,0.0244022708621843,-0.0864033413173852,-0.0477076986502657,0.00290018095298421,0.116981814047944,0.141993469395298,0.0342122737712087,0.125626232110541
"121","Fall River Lake",0.0526943689303245,-0.00905636629414769,0.0516856914821027,-0.0230864741563439,-0.00786476962153727,-0.0329372013589222,-0.0095267673028894,-0.0707857616902299,0.100106089539571,0.01324011594471,0.22222540400714,0.0321198156606237
"122","Falls Lake",0.113439602547374,0.0567924367377262,0.0769420434940125,0.0592692723500081,0.0243095250189603,-0.00552271638584116,0.0203779172130586,-0.0179097446009704,0.659128154703376,0.120093865154662,0.151875563854755,0.590549552809802
"123","Fern Ridge Lake",0.0060659288777587,-0.0380122055126101,-0.0509223626936074,0.0253289123952209,-0.0259843749713857,-0.134037948005996,-0.129443044782021,-0.00933166008733493,0.0868304328306372,0.0283097152152941,0.00694049539301478,0.051931517873479
"124","Fishtrap Lake",0.00681011458021673,0.0145378470976755,0.00677195110078799,0.0121426349380224,-0.118332125445425,-0.100770269487736,-0.209508300384705,-0.0357972911387909,0.0848868146313955,0.210465941989403,0.0721397426392581,0.0636448529974682
"125","Fort Gibson Lake",0.0792080631727303,0.0545641687249258,0.0987240328249457,-0.00497458190539072,-0.00781656363470684,-0.0210006401954232,0.0548801925365464,-0.0691828087638469,0.143012157561812,0.157725771290505,0.147415030166851,0.0693658851455591
"126","Fort Peck Lake",-0.0940923055719749,-0.000853970149072671,-0.0265859979626892,-0.0521377655284136,-0.483832563210227,-0.110155240199523,-0.15478819725438,-0.448827692601839,0.179232946696573,0.104411827781953,0.159361658799222,0.0910203594244434
"127","Fort Supply Lake",0.102081000944128,-0.00171701548626918,0.0911330733566636,-0.0502938248478878,0.0118239772152591,-0.053698912157523,0.0227652706149491,-0.116752491875869,0.155082994995396,0.0458512864467372,0.165655359701928,0.0128532784988432
"128","Foster Joseph Sayers Reservoir",0.0383605673032755,0.00867638265586469,0.0364445597376779,-0.0124539127101989,-0.148251894254131,-0.0460306698742241,-0.00281600963346336,-0.0747865953892701,0.135938920196328,0.0601427995623885,0.109720376080078,0.0393834744992548
"129","Foster Lake",-0.0327717816267846,-0.0649032981401023,-0.0669946589557952,-0.0163932262451736,-0.117272249876996,-0.201478209291015,-0.272851655816484,-0.0766228783048735,0.0331315176222993,0.0542163078407019,0.0442428252604666,0.0265844423193726
"130","Gainesville Lake",0.0608801615491269,0.0326087497474229,0.06923513110488,0.023913235867051,-0.0118991975694063,0.00299305620501762,0.0391502661320743,-0.0017692053345486,0.302959828607043,0.0598000769320912,0.101599278099622,0.0857444549909874
"131","George B. Stevenson Reservoir",-0.0035365419108303,1.85134870238234e-05,0.0110480755106349,-0.0843378723646867,-0.235695960660112,-0.199362041467305,-0.136434770237587,-0.26087721640351,0.331195405536062,0.106394939233512,0.200652865398266,0.0357199555484997
"132","George W Andrews Lake",0.0435261568552471,0.0229066483551327,0.0376039615846463,-0.0495677414345561,-0.0597614551869904,-0.0938706505336485,-0.0269132948741904,-0.119349633217427,0.136742073851821,0.116681684192236,0.0823558900916338,0.091705287860722
"133","Georgetown Lake",-0.00229273008913352,0.0162152553146579,0.00687104111003831,-0.0393388244687438,-0.086031001449107,-0.0657696526092187,-0.114534397058159,-0.166785982935363,0.0931165039048858,0.686086852494318,0.0787374842247964,0.0576188304163308
"134","Gillham Lake",0.0579847166641697,-0.0239774272272563,0.0495119151213336,-0.0679264106892703,-0.0932762844351031,-0.16539018129355,-0.0179617124258675,-0.215725054802905,0.182022291576509,0.0908345455782045,0.115321341274746,0.0557386213300574
"135","Glenn Cunningham Lake",0.148207414959879,0.082099427949542,0.168051757355269,0.0401685724973317,-0.0629325394387876,-0.152767766531474,0.0227917828790468,-0.0282535806308178,0.395791239602781,0.418168054504163,0.324865527567913,0.170875705690215
"136","Granger Lake",0.0858772384470856,0.0170463451752226,0.0509670938167056,0.0136074565783047,0.0132913660082671,-0.0334042259219755,-0.0193848377550256,-0.0774472657592106,0.139064325892974,0.0749560248140657,0.108201747434077,0.0765160244100201
"137","Grapevine Lake",0.0698092022605062,0.0207968964940804,0.0634203555511787,-0.000469208344330015,-0.0325036470194907,-0.0280371948299202,0.0256886883149367,-0.0565501587248426,0.147481887080824,0.0475281659854852,0.118175639960734,0.110607084799533
"138","Grayson Lake",0.0427174718552704,-0.00486519095075547,0.0443490689931438,-0.0223573912520014,-0.0384623560220489,-0.113600354016669,-0.133374912641091,-0.0837357745952665,0.135529032313739,0.173112044819882,0.318613522707795,0.0454010215068162
"139","Great Salt Plains Lake",0.22988887908376,0.144816046523653,0.194772707569421,0.142669389177134,0.00952340108531269,0.0540695469827476,0.0575500523011947,0.00620713303451048,0.343453251311051,0.26687458883329,0.335023134936809,0.233394240704909
"140","Green Peter Lake",0.03154998147429,-0.087585108636293,-0.0511814717027308,0.00680423513609606,0.00389210579081313,-0.379379443061702,-0.137682944893647,-0.0560010865142301,0.0670711497388891,0.0487761282595458,0.103473322768093,0.0529332118106584
"141","Green River Lake",0.0288222846415586,-0.0120500485762795,0.0425503145136642,-0.0268024977698142,-0.045968541306727,-0.0982091873041984,-0.0123962614236103,-0.109759610038055,0.10937321354217,0.07151111631973,0.158637618901504,0.0629036652621919
"142","Greers Ferry Lake",-0.0245371920839221,-0.0653473719812839,0.00253453697495028,-0.0671097053726584,-0.126429633812455,-0.174964142411095,-0.0617998894121595,-0.170676877847231,0.041247730568719,0.0179137349269032,0.0674693171766091,0.0153403891782681
"143","Grenada Lake",0.0101126695211183,0.00214125828556572,-0.00951001517136159,0.0382628759387784,-0.0260428327745704,-0.0524259949299214,-0.0378877140894274,-0.00274026403406144,0.0476941652698277,0.0521477186563322,0.0164531443042828,0.0801680978708876
"144","Gull Lake",-0.0186383590641046,0.0303971855428867,0.0326898219444285,0.0199145484274338,-0.277596251246007,-0.0817469183006685,-0.0557438374087147,-0.037680848243051,0.122090431039514,0.124694476540426,0.10171010698839,0.0722433007204301
"145","H. V. Eastman Lake",-0.0579984178041815,-0.0192182802820387,-0.101775107551013,0.0115420955640207,-0.223210984510227,-0.165889556227681,-0.287060784239836,-0.0890243708670126,0.00745904575648675,0.194243205461508,0.126463553602063,0.179393305439331
"146","Hammond Lake",0.0112113184098963,-0.00266801608519761,0.0445586280083973,-0.0201941638631017,-0.0428856927526927,-0.0478366329159355,0.00640293922641155,-0.10621215506471,0.0672558915251577,0.0855215117716781,0.0882096973620798,0.0327881012512071
"147","Harlan County Lake",0.0383298875789707,-0.00673690807633318,0.110713809356019,0.0125180366094059,-0.0346052391111991,-0.0753194417682371,0.0345076539832255,-0.0269523779869374,0.109577678239153,0.0670127359522678,0.275092178394915,0.0883820121139795
"148","Harry S. Truman Lake",0.0604412480462638,0.0211747860241097,0.0590898142065399,0.014088253584822,-0.0355476205209672,-0.0635358459797277,-0.0153275672652565,-0.0961997236502018,0.12385195959018,0.0733924050736102,0.102830869354415,0.154088659921696
"149","Hartwell Lake",-0.0196331121576861,-0.0109674336947272,-0.0070934874405217,-0.0273020339909265,-0.0949682854016247,-0.0878606733813706,-0.0749590179297005,-0.123195495263626,0.069400358401649,0.0410451128190739,0.0781662213412605,0.25472669046783
"150","Hensley Lake",0.0297031304157131,0.037661423502154,0.0208946358159115,-0.0197805550859879,-0.0864906953518872,-0.154897801826661,-0.170387623357678,-0.0858899117160242,0.290171738474643,0.388443603585597,0.137053712844825,0.0524786695092947
"151","Heyburn Lake",0.00292858832024182,0.00730760391757578,0.0394134822034507,-0.0655264719928106,-0.0704465791823213,-0.0540536990019153,0.016377316305288,-0.109930335176853,0.0591323255156815,0.0908320300407398,0.0815122296668857,0.0211663066954644
"152","Highway 75 Reservoir",0.116103241781878,0.0295234287615327,0.181210199253322,0.021781576194553,0.0349783677565302,-0.0295338985069296,0.0949368800974684,-0.0207373884763885,0.196432706758877,0.148452099120397,0.289338813820108,0.0455551073790228
"153","Hills Creek Lake",0.0329519444356692,-0.0504875622873955,-0.027644661630703,0.0136669936171828,-0.0566191278866305,-0.179895602445937,-0.0701934365959678,-0.0368031195851119,0.0980833531524119,0.0868719396183965,0.0172520661225305,0.0519104371242696
"154","Hillsdale Lake",0.079848259975393,0.00715094664016221,0.0873270298183984,-0.0416186327464229,-0.0693367572104358,-0.0330781098936528,-0.036899521968124,-0.119035809854821,0.190039240994223,0.0491105802768765,0.168718827628299,0.0272560376973617
"155","Holmes Lake",0.121451492723087,-0.00409145209926676,0.160934083987659,-0.0147975795616365,-0.129358954109869,-0.203141436825054,0.0357245402711609,-0.140835418892066,0.275841725021143,0.0626917584301432,0.42748355155578,0.0629206390728383
"156","Holt Lake",0.018682484297967,-0.00272317736065493,0.0376687230902759,-0.0567684189234362,-0.176488462810153,-0.0803290824602776,-0.0146161273509623,-0.227198080146888,0.163353269273646,0.0521921360472371,0.0905305658756433,0.0307278318148853
"157","Homme Lake",0.0974164796437805,0.00273025817354422,0.0826942288613089,-0.0163218968424371,-0.249137117477174,-0.138205334706514,0.0210025172336905,-0.0568099878078716,0.233834117064732,0.0577092605796899,0.231735351369002,0.0195907006183897
"158","Hords Creek Lake",0.0840822349087465,0.0142391819657238,0.0534382464819452,0.0119815366299621,0.0270008212692266,-0.0702351414269291,-0.0367666979047199,-0.0634219417861269,0.142586427005179,0.056875458673054,0.119445122756165,0.107240767618126
"159","Howard A. Hanson Reservoir",0.0590472271542406,-0.0284862966961207,-0.0029519793026228,0.0335260043123909,-0.087496161935573,-0.406291775025625,-0.103325864863475,-0.171945903322274,0.171677952072212,0.0652708490543745,0.0938277621408737,0.0803543873960822
"160","Hugo Lake",0.0034678992638041,0.00615021063108462,0.0165937381195758,0.0103965030007015,-0.026949071586702,-0.0265363923299071,-0.00481910909673498,-0.0239222747390153,0.0340402722901506,0.0288476436371147,0.0458348242394024,0.0344474684021494
"161","Hulah Lake",0.0357603346378253,0.0654468324643577,0.0678893050728843,0.0526097100024885,-0.0544324642071076,0.0319050391262038,0.00492940980205768,-0.0421686892960623,0.0979491382733869,0.69927482610626,0.403561946097984,0.681761618368591
"162","Isabella Lake",0.0100580408550505,-0.0237374718851509,0.0534034981831932,0.0325821124863955,-0.0968877471727915,-0.172517392953284,-0.102131294476358,-0.0391008798179798,0.085436215309289,0.121926515714917,0.378358330264604,0.160767108655677
"163","J. Edward Roush Lake",0.158760825477948,0.0933413358641797,0.141019788231626,0.0218152572799251,0.0290867073912664,0.0222471004418906,0.104966717869944,-0.00704936207648656,0.244924065354577,0.293214992207101,0.197033850196371,0.0542541490520189
"164","J. Percy Priest Lake",0.0431238683594389,0.0294144086492905,0.0282973585798727,0.0249643841367624,-0.0276929126231372,-0.0182253310025033,-0.00499429528467294,-0.0480208104299305,0.105272686736353,0.0831565029831642,0.0892355816798799,0.147137852062151
"165","J. Strom Thurmond Lake",-0.00397505291373627,-0.00120565180743976,0.0139716778238611,-0.0428509320020158,-0.0882132211161775,-0.0623725295722276,-0.0167297250163319,-0.119089691426732,0.0539924809907003,0.0579728851388899,0.0733994191327245,0.032368370723988
"166","Jennings Randolph Lake",-0.0203643804019641,-0.0381638501410615,0.0293047992920685,-0.0868364057199647,-0.166668907341305,-0.189631296511111,-0.0743604404615408,-0.159648403746256,0.0506855458942313,0.108305578334789,0.078441312097328,-0.0108493243644828
"167","Jim Chapman Lake",0.0764426251797021,0.0253004326930837,0.0705655533213804,0.0171190613538071,0.026298295731533,-0.0471325608601671,0.0220245014525187,-0.02954674694765,0.135120546735246,0.113643896069809,0.124712779655371,0.0657844293615608
"168","Joe Pool Lake",0.0270109198707786,-0.0262635804691423,0.0175884385265941,-0.0672198409405989,-0.0713765255442327,-0.127847043699586,-0.0964364785065785,-0.15911350376404,0.0732238487626492,0.0590418152257295,0.108123251911146,0.0505094642631091
"169","John H. Kerr Reservoir",0.00942368162646696,-0.0143231605499088,0.0230324978475649,-0.0375370556155465,-0.0810438228232051,-0.124734255377527,-0.0493145765826915,-0.130132995964746,0.480612910428953,0.678299583512854,0.116583569651616,0.104873665551673
"170","John Martin Reservoir",0.0949115038620681,0.0322051609363149,0.0655086457605994,0.0150070155808332,0.0105363047963188,-0.111194567282304,-0.000398233827810029,-0.0409876023596383,0.169944660553411,0.126408984822861,0.241701729780271,0.0521583192788324
"171","John Redmond Reservoir",0.0679284249666694,0.033919199579609,0.0495615943270435,-0.0124672826724613,0.0125820985963106,-0.0151886439928776,-0.00326335804847268,-0.084918633695178,0.128788944539804,0.072058685170275,0.0939676838741134,0.0503432859856532
"172","John W. Flannagan Reservoir",0.0261811681007076,0.0120297056058725,0.0494385757671148,0.0130108077273936,-0.0467744852190633,-0.0662470579483985,-0.152133954918871,-0.0617764500424741,0.0803218835329284,0.0943336208559417,0.243663440423682,0.0728835173666917
"173","Kanopolis Lake",0.0380980861880836,0.0312301863499299,0.0700630419080576,0.00497921604247533,-0.0293644230246936,-0.0125431181268414,-0.00711033104558615,-0.0711969766739794,0.0835914284177201,0.0798446289802981,0.12267125763363,0.0692809317360123
"174","Kaw Lake",0.0737841929414199,0.0588943118843808,0.0865540452227228,0.00565305270253606,0.000974111582484096,-0.0256763300192383,0.046201805336929,-0.093425451645959,0.146763362247099,0.173158449060767,0.139793176062344,0.150589718861277
"175","Kettle Creek Lake",-0.00026901554985816,0.0284320816577881,0.0528256867143983,-0.00568118892750225,-0.158583391139212,-0.0980532479614732,-0.0396025323859382,-0.171461272153445,0.293956043956044,0.0952139984891854,0.131187104412368,0.0775585282322098
"176","Keystone Lake",0.182859940152689,0.0497990825889034,0.107373147865375,0.0477869782112236,0.00417953008888326,-0.121981113714149,0.0272570290638493,-0.12748715494359,0.720090453618488,0.146970056397967,0.342085693014743,0.245299986697442
"177","Lac Qui Parle Lake",0.107059454804919,0.0197141867727573,0.149276243339257,0.00885401472535352,-0.0243894221947402,-0.0520621955144002,0.0248969965488497,-0.035210708610799,0.361495753084198,0.212741533695646,0.248373213746546,0.100267833863997
"178","Lake Allatoona",0.0196717904451517,-0.0271821054959109,0.0102224621147415,-0.0509778407810792,-0.0547616075453697,-0.142503896888342,-0.0700980975944614,-0.153167822563679,0.0969167873382334,0.0721669110152304,0.0735844406610277,0.0645642114050819
"179","Lake Ashtabula",0.0323921683500383,0.0119854747516265,0.0942294213619066,0.0117070114590164,-0.130935074274299,-0.0722691452895105,0.0327269747027237,-0.00134369985975129,0.176143224926867,0.0769472547162489,0.209598064719874,0.0333313052933404
"180","Lake Barkley",0.0780778824229604,0.0463616296253831,0.0837580927820829,0.00745406673359221,-0.0511295128619094,-0.0238878181224428,0.0319024717347151,-0.100887516935346,0.173062538439318,0.145820482503298,0.171850937943549,0.114049148851573
"181","Lake Bonneville",-0.0242588676992995,-0.0234399080232192,-0.0120694242673133,-0.0105782811781186,-0.113871816384068,-0.158275259274314,-0.100910747018611,-0.0951953217896632,0.0492204804364383,0.0743215207296646,0.0771454583807992,0.0590494091644224
"182","Lake Bryan",-0.00268104124301442,-0.0802649831416404,-0.0232593640033502,-0.0562484951188007,-0.234795031553176,-0.277099096404653,-0.0872061714688725,-0.310721206880456,0.21521918406131,0.0530795233101801,0.132686760474577,0.0412083798735519
"183","Lake Celilo",-0.0135972587790471,-0.0210904652207806,-0.0279341791051319,0.0509856362725833,-0.0955062434316825,-0.155601143958937,-0.0856335651399637,-0.172540717919306,0.0972562866247535,0.0803038904983715,0.0181279786737368,0.81326164874552
"184","Lake Clementine",-0.00144863547594461,-0.125890670908713,-0.0649576658059743,-0.00623791274012845,-0.134414415507027,-0.488719178775633,-0.249846400245835,-0.110788661805757,0.176781436007572,0.0219922380336352,0.0910929668445782,0.0647457313382296
"185","Lake Cumberland",-0.00809836877543165,-0.0517846701913995,0.025196817068457,-0.0528930924807532,-0.143833869336626,-0.194302056534472,-0.0477087256748273,-0.183689956862084,0.173417197596241,0.103181577657697,0.158968206358728,0.0931277537389661
"186","Lake Francis Case",-0.0817252364076869,-0.0172142793956155,-0.0117836941330788,-0.0095633492351563,-0.228063169845108,-0.218558331477076,-0.173042794142557,-0.196879783066029,0.636163175303197,0.107402031930334,0.0865481734135312,0.151069813783666
"187","Lake Greeson",0.0840181694429769,0.00222835276679554,0.0527576341349962,-0.00867608317509038,-0.0101951843899246,-0.106024937641696,-0.0135957822052501,-0.111628858142937,0.196908852788884,0.0622371229077336,0.143204113549121,0.107121116325494
"188","Lake Herbert G West",0.0202324945785685,-0.0524727617214858,-0.0138577974223555,-0.00742033042204194,-0.258910673652885,-0.175867079018354,-0.0883256274654909,-0.315065336370006,0.721850515882488,0.0512180508713996,0.0635565856344456,0.798348002613362
"189","Lake Kaweah",0.028611040317197,-0.0701676434714199,-0.0338475332377636,-0.0357672996065505,-0.208478590766503,-0.211051248019722,-0.146053653272587,-0.0784346968978538,0.178253687210169,0.0407959330683157,0.0279489849747198,0.00763889859300784
"190","Lake Koocanusa",-0.0397896330088439,-0.0190507044288124,-0.0626197447284319,6.92228140170312e-05,-0.498544698544699,-0.210648361350058,-0.198280451248396,-0.0607231314472045,0.0930360696218217,0.0464023308133164,0.0190281939364391,0.0423659110998509
"191","Lake Mendocino",-0.139810769755557,-0.0618489423992737,-0.169119994070284,-0.0642242117194209,-0.259892020333193,-0.177346909723707,-0.345761716352318,-0.157895184983861,0.0133075243696079,0.0216056710646813,-0.027287440509554,0.0308734230049415
"192","Lake Merrisach/Arkansas Post Canal/Pool 2",0.0796705773103377,0.0358642274947823,0.0606569913134362,0.0574779755423293,0.0194076598450283,-0.0128814815381869,0.0331140752310857,-0.0217719184975476,0.229387609721531,0.125740187973413,0.130064101198097,0.269220440365119
"193","Lake Moomaw",-0.0106570797652969,-0.0107432178202229,0.0200129021979454,-0.0135119242373727,-0.13874867574088,-0.152965931610927,-0.115674398181404,-0.173253727366427,0.0763800909177472,0.116445624226814,0.0907051548099123,0.107748176480499
"194","Lake O' The Pines",0.10453161618003,0.0453159373322085,0.067832093698586,0.040968122529468,-0.00282220131702735,-0.0563745690109474,0.00561011098600991,-0.0169692855930765,0.238193711930834,0.111695277193029,0.148654159798612,0.0942469833887742
"195","Lake Oahe",-0.0361783115421664,0.0101108943563903,0.0177644920517874,-0.00319917990143268,-0.208568572721943,-0.105314416094976,-0.109692286910308,-0.199952609077107,0.274035590242544,0.0868187731445142,0.150602114589401,0.0500586509989593
"196","Lake Okeechobee",0.101064333583248,0.0650250888850152,0.112196772218883,0.0758167101146859,-0.95359791262784,0.0188283370073301,-0.016378567457807,-0.0095566348112172,0.382450599606078,0.200087888428307,0.516745468412548,0.248865032679235
"197","Lake Ouachita",0.0319806031385522,-0.0120149121478354,0.030159702263177,-0.0318998886800489,-0.0343546889507892,-0.145734381708524,-0.0217359200784438,-0.137737605827433,0.0968529805130676,0.0451145298601947,0.0597384189134461,0.0331599705409175
"198","Lake Pend Oreille",-0.00567700368726982,-0.0252662557385881,-0.0201625654804484,0.00400557497378834,-0.132224890980724,-0.146700166411581,-0.17321689451936,-0.0959309078724952,0.06219773211311,0.0294111612982727,0.0289730236242396,0.0385234203082125
"199","Lake Ray Roberts",0.017340295177095,-0.00224986844230954,0.0265290367233606,-0.048236880970034,-0.0972840450554279,-0.106590083992415,-0.0234068450618517,-0.155503934418153,0.18384995617621,0.0475753982977484,0.0857382317245192,0.062955067689156
"200","Lake Red Rock",0.0904173095458403,0.0386408317430065,0.104714793236449,0.0214873282492899,0.00725266002320837,-0.0408619575560747,0.0443480518630723,-0.0470844969268399,0.186432203969497,0.0983443455072117,0.17070657070688,0.101959265201568
"201","Lake Sacajawea",-0.0624080136273123,-0.0593807621317771,-0.0782039416790288,-0.090196313948482,-0.285977469338362,-0.200274910981365,-0.207950602253663,-0.289743180361292,0.0385357960065222,0.0514531570351576,0.0123588091856547,0.0364888774796353
"202","Lake Sakakawea",-0.0659368260252949,0.0157748892904113,0.000557247844707818,-0.0257217777393938,-0.43158531230165,-0.138340601788798,-0.125535185229567,-0.368029334318436,0.0751368136733659,0.146014252866043,0.172407740946844,0.0796271259925047
"203","Lake Seminole",0.0395089154047029,0.00936039246337935,0.0482138116912249,-0.0473676084748114,-0.092498767893812,-0.0615007322024333,-0.0684063373718547,-0.146959817849226,0.171663145265395,0.123801725607747,0.151634959472583,0.104546101029722
"204","Lake Sharpe",-0.0947028319878978,-0.0451944982158144,-0.0307980548787594,-0.0242340721736589,-0.225883350609157,-0.169091996615196,-0.105480591594807,-0.178903443666641,0.0504098382245187,0.156344790223207,0.0629730767980752,0.0451393574791628
"205","Lake Shelbyville",0.120633509563771,0.0603386848201597,0.118518624345819,0.0329808458190116,0.0347798610809662,0.013628805905546,0.0449308075210491,-0.00499200467543857,0.17367499187655,0.0875095119034675,0.211918967003436,0.094796455346441
"206","Lake Sidney Lanier",0.0106509831084005,-0.00943126314387239,0.0179212845624616,-0.0480427984895655,-0.0796318082812184,-0.148423157873447,-0.0667863907060071,-0.242336540477795,0.140314348928077,0.126411213115882,0.0830410504093461,0.0622500475644793
"207","Lake Sonoma",-0.114939216062578,-0.0795172364827902,-0.0910061138784484,-0.0522157064244232,-0.297496043123471,-0.315830257444641,-0.340508503657501,-0.297178986130248,0.0942128037866916,0.139838408949658,0.00662224858539612,0.0724355531686359
"208","Lake Success",0.0111090689141314,-0.00753578125631485,-0.0235839081393291,0.0126942285005573,-0.169463250432386,-0.296480892231789,-0.284478804715049,-0.16995236740432,0.201980868308915,0.139915122532897,0.177675509768929,0.189793263369789
"209","Lake Texoma",0.0869171831573304,0.0180893704744435,0.0760586933783847,0.0117453991688899,-0.0231217988983861,-0.0528418452804212,0.0160605077793752,-0.0631929194659474,0.246038594735551,0.109345887319545,0.177568061198403,0.108391946336515
"210","Lake Traverse",0.0356659311756551,0.0539623800455915,0.132764552406188,-0.00167838139133062,-0.101639529415162,-0.0432579608900623,0.00358558056190491,-0.0568003859715946,0.231206827121518,0.820354475342245,0.264457628608156,0.0264377892506188
"211","Lake Umatilla",0.0659851197894007,0.00137516316905877,0.0539456575940484,-0.00162341389004835,-0.150651712302917,-0.172222321063038,-0.262309128260609,-0.292246990876843,0.602378814679357,0.327901360851516,0.545597492158446,0.588861426896781
"212","Lake Wallula",-0.0170793959361199,-0.0341227682812409,-0.0173961271054034,-0.0720701921885263,-0.225550699762415,-0.194188835930396,-0.240537872474427,-0.316807454484999,0.154279707224725,0.0583685400439083,0.0515854390856386,0.0708983875934723
"213","Lake Winnibigoshish",-0.0241861995046792,0.00965780298506876,0.0095380892765201,0.0188028774741957,-0.313112466581427,-0.0301593725825289,-0.0478172082908029,-0.0436111098248235,0.0747779542455572,0.0442684677704063,0.0640396025862433,0.0685496035632827
"214","Laurel River Lake",0.0087731159497036,-0.000271089211000721,0.0282981249109106,-0.0436849603794396,-0.0574225805872656,-0.155330917855256,-0.0294687708820997,-0.119274006279155,0.150957882358255,0.153301321455377,0.132786150881939,0.0375632265302215
"215","Lavon Lake",0.141216513549366,0.0406025451930069,0.107684775750284,0.0446845775131109,0.0197710496219994,-0.000500338974977654,0.0400348420268448,-0.0112334442178819,0.226400812165117,0.168154958042265,0.191105738993499,0.120806469267844
"216","Leech Lake",-0.0377300205998072,0.00326007688488203,0.0148886085322336,0.0214131853827055,-0.46406317656878,-0.0399770475297779,-0.040054591664895,-0.0424628378034333,0.101104732822164,0.0659208220657106,0.061703030257962,0.187854594069027
"217","Leesville Lake",0.0386400515871815,0.00597092888850547,0.0397203173517514,-0.00323505552516067,-0.0239735939979824,-0.0746650125110452,-0.0040682546288023,-0.0634836960742393,0.091756403113663,0.105404273985334,0.0956657887353442,0.0754476629541288
"218","Lewis and Clark Lake",-0.0726721622863264,-0.0209696142793093,0.0187928905896768,-0.0109448303541199,-0.251655797151562,-0.0977167996135651,-0.0431017006106074,-0.227937305794632,0.0489212172703359,0.0629541522531518,0.0681292889535007,0.0896185090874718
"219","Lewisville Lake",0.12001053664293,0.0300426708598548,0.099912466629438,0.0160841333105326,0.0158823417352698,-0.0168602045720303,0.0372124533456768,-0.0241377836628665,0.189354805172194,0.0722159123138199,0.171633196364421,0.0557442635088848
"220","Littleville Lake",-0.023144371031917,0.0230264624614347,0.039322967379099,-0.0279152527394449,-0.133919700495637,-0.0928758270815648,-0.00911226465079152,-0.243573318540509,0.110051799692352,0.111849532420559,0.077313671603652,0.0630633697347706
"221","Long Branch Lake",0.0831360063974333,0.0268322200410178,0.0849282431309952,-0.00496369919641213,-0.0113737138640906,-0.0157363730466325,-0.0268972898175656,-0.0558886089183311,0.177141009493453,0.0891030123701366,0.196811026869563,0.0768067313472853
"222","Longview Lake",0.00149600905845425,-0.0309680084962318,0.0320533824372029,-0.0753448964182444,-0.0827612757686798,-0.119284309139789,-0.00532692525770973,-0.188363566004079,0.0866919542373097,0.0447474997124707,0.0734904063233784,0.0423135547737785
"223","Lookout Point Lake",0.0282030581638801,-0.0671696665478378,-0.0171494779833009,0.0180425080148283,-0.00708186029947191,-0.202892749952077,-0.0428651204053268,-0.0203588421843224,0.0606445631576955,0.0137344963289353,0.0389617298713782,0.0660987236182595
"224","Lost Creek Lake",0.0104171430800915,-0.123499592926166,-0.118449902709629,-0.0448041841549359,-0.0764055953519062,-0.551823145191494,-0.208662296696555,-0.322924737849736,0.0678042664309428,0.0148771264505634,-0.0107666899799378,0.0782926370577856
"225","Lower Granite Lake",0.00428751692135182,-0.0568611318724436,-0.000281185032927451,-0.0499626186093254,-0.169431730791566,-0.297017962487056,-0.116633395883589,-0.523803666068375,0.130165933368747,0.112175562018015,0.14206893237425,0.197047282155882
"226","Loyalhanna Lake",0.0424257572973902,0.00441558674721421,0.0558472742354463,-0.0186489396705308,-0.0518206693155837,-0.109949112201629,-0.00895696625015383,-0.112300332747989,0.103751883355174,0.0868575348801274,0.121103907095418,0.0805913521292602
"227","Lucky Peak Lake",-0.0340589852914885,-0.0218779153224118,-0.0810585465170453,0.0157759060190799,-0.131626086636474,-0.192197135174874,-0.225062356584516,-0.041548975773627,0.0653467341837392,0.073991537321265,0.0745324097734761,0.0638313890621367
"228","Mahoning Creek Lake",0.0482362341595771,0.00102594695070713,0.0688567063404741,0.00627612220236495,-0.0536165433232635,-0.175849829892995,-0.023078685445654,-0.0421876622996723,0.165960259552353,0.0929026356242791,0.127939324605675,0.0636317811982592
"229","Mansfield Hollow Lake",-0.00220841407576683,0.0418833217163031,0.0446695486364025,-0.052284842421749,-0.147711773321828,-0.00623991735564141,-0.00360231466331568,-0.111807525443277,0.079605463799023,0.0966161800712709,0.0804154620087334,0.023035069352337
"230","Marion Lake",0.063763352640892,0.0384458588874387,0.129301339415143,0.0121595721985558,-0.0719673243943729,-0.0321496173877156,0.0537221343891429,-0.0627370667804137,0.168120307789075,0.098393755838672,0.260346585137716,0.0464867582032605
"231","Mark Twain Lake",0.0237264043938854,0.00505744245030083,0.0539623464904461,-0.0301567301350643,-0.109366874442857,-0.0461460182509668,-0.0238405945063853,-0.111969373724816,0.121248227380095,0.0985615558644374,0.116172772989404,0.0526315789473684
"232","Marsh Lake",0.119624450898738,0.037368095372695,0.121722121806903,0.0236494591318177,0.0520726036705254,-0.0226478333732343,-0.00123915737298637,-0.0164551416778174,0.193593501654844,0.101974658154812,0.208457018413142,0.0484031276842001
"233","Martins Fork Lake",-0.0501396825671243,-0.0340596084615775,0.00540622794773981,-0.0760219094185416,-0.304354467554608,-0.168339425848507,-0.239522796526072,-0.146620918289884,0.0919515084896678,0.142302859581725,0.0668053129161091,0.000940352704599115
"234","Melvern Lake",-0.0138583444252034,-0.00923663554936699,0.0327104199308657,-0.045747601764227,-0.0811880447193275,-0.0628224291544154,-0.00678835863133922,-0.118921359803443,0.0655558224301138,0.050237563201173,0.0555750629838939,0.0121415438973411
"235","Michael J. Kirwan Reservoir",0.0358192269830685,-0.025421651379548,0.042208398833842,-0.0213816068191387,-0.0449776628532576,-0.137413323344155,-0.0215565995096569,-0.0963787495371664,0.126932719974568,0.0766381420594626,0.106239212594781,0.0617980946264388
"236","Milford Lake",0.0726788624896981,0.0266048688896623,0.100768842429143,0.0209455817860321,-0.0232759289866626,-0.0390699004631649,0.0191484668391318,-0.0655547007610838,0.185038254463021,0.067101346564962,0.173754681071803,0.0978789580113912
"237","Millwood Lake",0.0396104173407072,0.00775564415748723,0.0443168224901505,0.00476854106033204,-0.0164241505160447,-0.0522643754751439,0.00431135846985964,-0.0567858371838676,0.0998228385467031,0.0907011093823784,0.103237209357513,0.0935559754593443
"238","Mississinewa Lake",0.0743233680641876,0.0155615229905643,0.0872217487157132,0.017185198358372,-0.0279015772236621,-0.0421761417432775,-0.0546555378628779,-0.0171609207160377,0.27337811850551,0.100273461160921,0.23294882622119,0.118826881503591
"239","Monroe Lake",0.0181183196925412,-0.0187460594655553,0.0370059704362676,-0.0429058889454827,-0.0824204467453853,-0.0762033626392194,-0.0107400414622878,-0.103933955726859,0.0805542650167039,0.0464787718017387,0.0989939258663856,0.0530377481413302
"240","Mosquito Creek Lake",0.0768818660406091,0.0126084005805483,0.0617154116240073,0.0107829243331066,-0.0143292573217392,-0.0742445232126911,0.00366838710127003,-0.0510388142846143,0.193546296509663,0.0715213020207959,0.236471022614132,0.106702970078942
"241","Navarro Mills Lake",0.0965313767396472,0.0439734490209115,0.078963255356377,0.0460159831220058,-0.0181005586592179,-0.0213947584966573,0.0380914487374041,-0.00492952851106121,0.147587730738709,0.162696921323931,0.139979938756161,0.083641779138148
"242","New Hogan Lake",-0.0280025794143607,-0.0675118853117994,-0.057501765193218,-0.0571725073350312,-0.114874489754324,-0.512404018965147,-0.228049469823785,-0.144488402007409,0.0496088554656458,0.0367062993341716,0.0299516296935095,0.0939729770802063
"243","Nimrod Lake",0.0456649311589669,-0.00301615585860305,0.0582460821656744,-0.0390353506840368,-0.0216272362068696,-0.126111350556914,0.0180697760636306,-0.131552670822276,0.108587924909248,0.0865779146088289,0.124090838437528,0.0290439867085911
"244","Nolin River Lake",0.0240168777445677,0.0234486736076133,0.0386468613553448,-0.0180689257410441,-0.0278542360508921,-0.0382709446093046,0.00995253476056328,-0.0902547063449975,0.102206662469455,0.0849036929439188,0.0727909505138936,0.0388592507826822
"245","Norfork Lake",-0.0077159431066637,-0.0398121246139325,0.0113455698186628,-0.0681337019729837,-0.0826749343768855,-0.16281575274757,-0.0496836484027034,-0.197030985265218,0.070086734890816,0.0606230052140933,0.0656168174747929,0.0106812062445624
"246","North Branch of Kokosing River Lake",0.13036278363285,0.0244670866114259,0.0975022157000558,-0.0421425927215159,0.0122144268831983,-0.0996698010602011,0.0190695535290667,-0.0953111002791424,0.245307495279837,0.130185485137456,0.181572396136623,0.00689703518627301
"247","North Fork of Pound Lake",0.0323289732845423,-0.00560667766930974,0.0384093521829403,-0.029378761069174,-0.121869822135509,-0.186378443400889,-0.277427408089874,-0.139449021563404,0.149370807326785,0.0920284969079123,0.107174216936717,0.05725234392695
"248","North Springfield Reservoir",0.053639655753397,0.0363033861737347,0.0843035351763559,0.0171558781614826,-0.00792843136723445,-0.0973095189863346,-0.0142750384773577,-0.0156235717832809,0.104812034799315,0.134292376352561,0.186756173167713,0.0724112961622014
"249","O. C. Fisher Lake",0.330775118629996,0.119370641096723,0.162394103377648,0.173026023632919,0.174207320646818,0.0657299903675214,0.0970666707149114,0.00695005279272825,0.449822027521092,0.194192334678505,0.275821841599515,0.326866606608069
"250","Okatibbee Lake",0.0342664057187032,0.0128463785356832,0.0476421363096513,0.00124378324453889,-0.0376437942223219,-0.0246761665841463,-0.045335614112632,-0.0383185927335337,0.241583484454827,0.0632190480081272,0.342195845697329,0.0347117416239059
"251","Old Hickory Lake",0.0348237464539155,0.00522747297942276,0.0501737771429396,-0.0161727268961408,-0.0547649153481147,-0.124251340666621,-0.0280042127717629,-0.0952559609195069,0.116130434302521,0.110761046914824,0.0929892492075134,0.0587125951878731
"252","Olive Creek Lake",0.115680282789812,0.100871951451156,0.216395364023711,0.032874848966613,-0.0671614290754102,0.00555715819369245,0.052231211944282,-0.0237509781530113,0.319879450253758,0.283276996027022,0.404733670693329,0.233621472880718
"253","Oliver Lake",0.0340024310501276,0.0128604782701488,0.0405528372727511,-0.0390333673050523,-0.0584507754771518,-0.0638134095036733,-0.0198622362105692,-0.124227356744519,0.0960024951905905,0.12553527806618,0.094465834575518,0.125091979396615
"254","Oologah Lake",0.0334469125907014,0.0159253102867333,0.0580525297870319,-0.0385702356528343,-0.0720710345544427,-0.0275997182991539,0.00845752500079308,-0.11683187229911,0.0812388971184698,0.118225298562127,0.403760816859553,0.0285525386692559
"255","Optima Lake",0.178776717744021,0.0560948253398726,0.174945809640266,0.0861315477549687,0.0210507959442963,0.0386607568514779,0.0381033857970617,0.0297102786491973,0.307399882021368,0.082900782000871,0.309137496476131,0.125096326740303
"256","Orwell Lake",0.02767123341627,0.0166677487239133,0.0523086258753552,0.0074787620683828,-0.0298786572466371,-0.0386630082314792,0.0145930549584792,-0.017741792464249,0.119818082451158,0.0459968135545327,0.0930499331960481,0.0365155760267719
"257","Otter Brook Lake",-0.00197358549007736,0.0173955720949859,0.0303893788986238,-0.0379440389464508,-0.139354262308453,-0.0515272235322251,-0.0163161846087318,-0.361202231537608,0.0866696683564921,0.0640905852383779,0.121422115094908,0.0492278315429307
"258","Ozark Lake",0.133223356221968,0.000655850073909966,0.0501036862086465,-0.0170321537413371,0.0129449838187702,-0.0735409570688169,-0.00401074253097523,-0.0954488020544451,0.256229265181541,0.0641095147736515,0.100413837034412,0.154881708574295
"259","Paint Creek Lake",0.146089870864636,0.0409575766688572,0.143447872821998,0.0184001804172106,0.0194771626840488,-0.0959162242279273,-0.0948739733786464,-0.0838056785644079,0.334866133458422,0.243322020801235,0.339811721834194,0.0869564555354952
"260","Paintsville Lake",0.0428342160481949,-0.0279102025096419,0.0264828037312012,-0.0292731563088142,-0.0798599382758606,-0.111313687706786,-0.139693329419181,-0.134677694212618,0.126888389497739,0.0937711389561141,0.0858968578690976,0.118486045662491
"261","Pat Mayse Lake",0.0449262777603049,0.0239919802944538,0.0581501224062972,0.0411388781673668,-0.0141327596666282,-0.0222564292820109,0.0105569583061045,-0.0031384508452593,0.123337514844052,0.0803831222323483,0.0970803024281513,0.114109992114718
"262","Patoka Lake",-0.00466546066583066,-0.0451044155681426,0.0102862271426698,-0.0500453515222172,-0.118323354194382,-0.101520384498152,-0.0457616306995841,-0.124733143939343,0.0820471196821647,0.00841329602749488,0.0598247705567,0.0183306752605008
"263","Pawnee Lake",0.253253580964373,0.126163838521771,0.209351041958954,0.028219841106806,0.0699121161252098,0.0317466556688632,0.087531868978058,-0.0125547820967781,0.328481178331639,0.400283955882965,0.398386583818409,0.0989848894626698
"264","Perry Lake",0.0130422399705581,0.039421652316595,0.0452614939388811,0.0523169329444568,-0.0945244895865574,-0.0491570780482059,0.00148435815889629,-0.116168138699925,0.0672381539297606,0.522007956849238,0.0933789449014383,0.159187429854761
"265","Philpott Lake",-0.0235695106743213,-0.00880565648843545,0.0159388655641017,-0.0468560587734983,-0.149470750971191,-0.105174034838623,-0.0483426489045766,-0.211128677106128,0.0659841308622574,0.149807240688029,0.0628529871487916,0.0736919842645942
"266","Piedmont Lake",0.0410931604962823,-0.00954494012445138,0.0442949209684167,0.0207037387958866,0.00189332795042102,-0.0784679766192675,-0.00507612262627514,-0.00682475195357368,0.0996834680488368,0.0739442427327414,0.102927289896128,0.0389928806503383
"267","Pine Creek Lake",0.0352805452570702,-0.0064698885498151,0.0463677102580551,-0.0300215322157486,-0.0652563449805746,-0.103484251605409,0.00845881551637299,-0.135520684736091,0.123312130342596,0.12136832239925,0.0876355774115812,0.0613062959002824
"268","Pine Flat Lake",-0.049215600578171,-0.0736894921360506,-0.0178165561637584,-0.0439076406050608,-0.392637224419087,-0.390421003877784,-0.301768990634755,-0.296703543843835,0.0849093036650858,0.056369785794814,0.0732329484591775,0.399981499159658
"269","Pine River Reservoir",0.0136848573596144,0.0250351345574894,0.0353721914825669,0.0250389659923577,-0.229824018019748,-0.0839452254539736,-0.0903648408477212,-0.0471513024089401,0.0879708451641088,0.155003958647339,0.132037886191085,0.0773373914342898
"270","Pipestem Lake",0.15073128644351,0.0384125505776685,0.118152769326398,0.0360509701879455,-0.00496314130733735,-0.220388194339424,-0.0310159573405761,0.00790138786411113,0.525054466230937,0.276623960368896,0.315688029528826,0.0700112357955368
"271","Pleasant Hill Lake",0.105712427960241,0.0130942098566458,0.0899454412158151,0.0101860949822377,0.0031724491727292,-0.133535633215533,0.0208970660008774,-0.119547372219977,0.24748970237929,0.139414758001119,0.236038553834632,0.10254801530454
"272","Pokegama Lake",0.036731699010049,0.00475865983043191,0.0301644620483051,0.0247198267324837,-0.0349074918703062,-0.0176515195443931,-0.0298772197474155,-0.0304929209808011,0.132442468677131,0.0224710445922039,0.0770302785544674,0.0846537315069207
"273","Pomme de Terre Lake",0.0570593245166426,-0.00443582053951517,0.0517236500160319,-0.0258161055535925,-0.0905729896915794,-0.292781484308503,-0.212139423076923,-0.20070155603451,0.14789945016385,0.126465644444685,0.131262434258319,0.635811126694717
"274","Pomona Lake",-0.00817368713893011,-0.0162070535622883,0.0263143248253074,-0.0304071665286478,-0.10420502035971,-0.0884245182794342,-0.0443598383396641,-0.101803271977583,0.140043273893904,0.0575671582885246,0.0908127472240048,0.0293150428184979
"275","Pool A (Amory)",0.0174490957472546,-0.00907488860762043,0.019340897525281,-0.0215870295786335,-0.0645403632000103,-0.0389833724450539,-0.0203792178974996,-0.0740305883565566,0.200544886570447,0.0253329596948649,0.0962068128235921,0.0419355482542243
"276","Pool B (Wilkins)",0.00453869046060966,-0.0145343720742512,0.000912184191969385,0.0116779940880187,-0.0561544569141499,-0.057877591296745,-0.0466953555936006,-0.0796084806956512,0.0898160493289396,0.0660764413733535,0.0676936932666557,0.626916524701874
"277","Pool C (Fulton)",-0.00903938078572638,-0.0308823062913639,-0.0183932817958994,-0.0339430246232871,-0.0885241219601979,-0.0937823934218641,-0.0745800622302337,-0.108633454553798,0.107761147666374,0.0455920824458089,0.0413388583571569,0.0538667213489556
"278","Pool D (Rankin)",-0.0228611665760572,-0.0363243542446323,-0.0231402378507325,-0.0449006199823139,-0.100946267962903,-0.0779401114393667,-0.0715291662996858,-0.126885760090384,0.0704608238385649,0.0623493341997943,0.0327593973871809,0.0368079861943044
"279","Pool E (Montgomery)",0.0104752384148715,-0.0107844124787184,0.00943445752760721,-0.0126263818655811,-0.0445835312795374,-0.0564202929505284,-0.0464400026103244,-0.0811889998076405,0.0710892896289844,0.0416712099647697,0.116920219837362,0.0938131081329172
"280","Proctor Lake",0.168835960688392,0.100282868718181,0.169187423348521,0.0805033260233392,0.0876242458630739,0.0637603224904263,0.111773974503876,-0.00215626939622339,0.255851551995194,0.146661556618776,0.240351612274089,0.151544082736586
"281","Prompton Lake",0.0958774100650217,0.02466473454585,0.0804694068949946,-0.012001402436951,-0.00334693732873485,-0.0901751984621657,0.0326521673092836,-0.0508523084848393,0.172390657082417,0.0838997023002506,0.143338869881931,0.0298872804670802
"282","R. D. Bailey Lake",-0.0523650392051072,0.00304221885691083,0.0268712558172727,-0.0307162745554707,-0.204728653047298,-0.106898251539283,-0.0247327447477794,-0.0592665429252906,0.0782321613827525,0.105843821859565,0.101005595438582,0.0335368863607144
"283","R. E. Bob Woodruff Lake",0.0472849956716435,0.0250137023780086,0.04121364421989,-0.0102507742623385,-0.0410704962696467,-0.0800319422464445,-0.0196858831017792,-0.0816189257698718,0.121902748975501,0.0933454437615295,0.0881239964505665,0.0546458219546991
"284","Rathbun Lake",0.0392839715102725,0.0250646425946392,0.078642605564814,-0.0318845536919732,-0.104999459791816,-0.0436535980483883,0.0176328771511677,-0.121909487749509,0.190722302736317,0.071484790909794,0.167864171900422,0.0202388488320991
"285","Raystown Lake",-0.0113917811595277,-0.00766653720467357,0.023622708285942,-0.0275522997936069,-0.188210723438854,-0.109457374006251,-0.0637343795536161,-0.222219180440495,0.0539272654807728,0.0801172706063076,0.0562857250176524,0.0569506903468709
"286","Rend Lake",0.117544538501919,0.0696712465127366,0.102621082917977,0.0402554567769912,7.44974044316126e-05,0.0212076902049453,0.0132696677848716,-0.00106707599626211,0.195588334729074,0.252256864532884,0.192737845199312,0.092775641589518
"287","Richard B. Russell Lake",0.00802168633789094,0.0137037613231251,0.0240054060222152,-0.0260335357909236,-0.137867940630507,-0.0909396244937462,-0.0578024825648734,-0.131527900896092,0.0848551256009834,0.107653389853876,0.0938362505412067,0.0631895497726208
"288","Robert S. Kerr Lake",0.0670236715891676,0.0355087613203676,0.0757402237136884,0.00349138361250594,-0.0736053912781998,-0.0585021972596865,0.0222092873440474,-0.0876465542858925,0.235296012544692,0.152351320566413,0.157826433042529,0.186350682716088
"289","Rough River Lake",0.0445772408232987,0.0284259556154246,0.0321974418704163,0.00861865758039039,-0.00149202209650136,-0.014983458428747,-0.00235789625177558,-0.0843146229848469,0.151050080775444,0.093810248707544,0.0679070870734356,0.0449853619739908
"290","Rufus Woods Lake",0.0348421903227336,-0.0479092741760233,-0.0173698218470003,-0.0191558266963983,-0.101557058257808,-0.462952632952684,-0.163138326305152,-0.21172709623149,0.157070071527267,0.115660018301949,0.0497667973752438,0.068617791410184
"291","Salamonie Lake",0.0950141909410118,0.0482638768232459,0.0601767883995774,0.0254758477520651,0.0318941106745394,0.0116145126547128,-0.0213049571037386,-0.00810836331485607,0.161792887596482,0.100586674664893,0.110008970859923,0.0747637739516984
"292","Sam Rayburn Reservoir",0.0487311852002625,0.00310030648325039,0.0234498288178342,-0.00300459255704779,-0.0469863209253853,-0.107210332717123,-0.0437557696951023,-0.0971904920921792,0.183299735524427,0.0718584479072089,0.075312120915619,0.0997193612713347
"293","Santa Rosa Reservoir",0.0243267994665524,-0.0379998575799512,-0.022939140246674,-0.0459858024018592,-0.0036803593483192,-0.094510857486078,-0.0769137678731758,-0.115545684506597,0.0531710333467184,0.0101426951046087,0.0228216679576399,0.0664376718896232
"294","Sardis Lake Tulsa",-0.0625883330094891,-0.0414361413596516,-0.0308535023339744,-0.0308873256721071,-0.100148714337109,-0.0803579633876298,-0.0601823930222194,-0.103474893804933,0.0415984330562792,-0.00905628405612669,0.00808383233532928,0.155439674262447
"295","Sardis Lake Vicksburg",0.0404021292301122,-0.00872874249206651,0.0197748893531829,0.0307857059494249,-0.0156489052332814,-0.036108328795949,-0.0161978468855339,-0.0340264359627497,0.0897827097944345,0.0185883369359758,0.0543790266664477,0.0819375624161303
"296","Savage River Reservoir",0.0269418681799029,-0.0181559313641402,0.0432411151826307,0.0138511181866307,-0.0451798758830468,-0.16041623219633,-0.00859061436616478,-0.0542896333390068,0.0728325969554192,0.0753044092226194,0.109123291784281,0.100336631149511
"297","Saylorville Lake",0.12896642132932,0.0577862397992256,0.125703415786337,0.026560657839274,-0.000168864599085868,-0.0161364748969671,0.0667618177327888,-0.027544725783038,0.206795568270725,0.162388772399672,0.192008078056962,0.10651770985351
"298","Senecaville Lake",0.101271570472619,0.00464068975500123,0.0965529571071945,0.0667363141696849,0.0182808697004617,-0.0473543162641139,0.024270153283339,0.0545619280949368,0.190428022344356,0.0514190380740921,0.222599957397555,0.0841801030312356
"299","Shenango River Lake",0.142167604692275,0.0252010365134282,0.0956390041825627,0.0163790591991309,0.0643144155778643,-0.0456366297971049,0.0466221525084615,-0.0275765789769488,0.20806492387634,0.107154049054152,0.194344227841377,0.0494535219197482
"300","Skiatook Lake",-0.00351479022878494,-0.0124401385897584,0.0250058311905262,-0.0568446405098923,-0.107605706873908,-0.0975245082611131,-0.0487494483946196,-0.135297754219309,0.076459560196539,0.300311804008909,0.165063877328849,0.0847803881511747
"301","Smithville Lake",0.108532606622702,0.0344297910049592,0.0821667849278851,-0.00571363386060081,0.00421606440231429,-0.0239032476448582,0.0182729079635648,-0.0678793174567547,0.172774152299794,0.147370947953213,0.162788533793637,0.036472582021967
"302","Somerville Lake",0.19019232441346,0.0761421981028771,0.131542264611595,0.106333880400852,0.053053053053053,0.0240683849338353,0.0712063478921839,0.0130388426777504,0.264297655136494,0.138655680188301,0.194093550718567,0.175054039247706
"303","Stagecoach Lake",0.179368457375875,0.0740266969094035,0.25539313651757,0.0385200300345759,-0.0887527900165767,-0.042484722135396,0.0571428571428571,-0.0273123666172084,0.381533952125061,0.404757937971612,0.544120176972939,0.145666538587448
"304","Standing Bear Lake",0.156750967918484,0.105629213783454,0.161211554848639,0.044555926759892,0.0512932144211419,0.0431761914480019,0.0922412853802246,0.00773087451054342,0.259710572298201,0.186628778996592,0.317337082596656,0.135004816557828
"305","Steinhagen Lake",-0.00360673437749757,0.0142872519349222,0.0217299167424787,-0.00400465645601971,-0.0518569403874218,-0.0225227840338431,-0.0567280265424486,-0.0463854387450492,0.0780849974398361,0.0580382544360618,0.103368204028617,0.0648095693492824
"306","Stillhouse Hollow Lake",0.0468923468616201,0.0148977746572471,0.0630374842873025,-0.0288214438223473,-0.0739370782111548,-0.0680033209066284,0.0235276329061609,-0.147560984321566,0.131596456815798,0.132857137498008,0.108180454065249,0.128031130372269
"307","Stillwater Lake",0.0459325254621079,0.0476359985867215,0.056967618717699,-0.00404869990523074,-0.107966664879127,-0.0397659863395844,0.0288211718286999,-0.0914010451956903,0.108591051133109,0.132276372036833,0.0892830495323475,0.0528165057659212
"308","Stockton Lake",0.0263816123846604,0.0139181178605301,0.0359483922853955,-0.0223139780083215,-0.0494920440569695,-0.110564703414775,0.0195208699024672,-0.111650008733886,0.079693674201097,0.313541741183203,0.0720168382341243,0.0279603618109488
"309","Stonewall Jackson Lake",0.0600358574765287,0.0280025161708243,0.0595356136576614,-0.00677324839490399,0.00583625078998692,-0.0183982071946713,-0.133495800845899,-0.076173259272217,0.152435599180199,0.269609700644183,0.179878527084874,0.0314117765293695
"310","Summersville Lake",0.0154988132441874,0.00654601820892436,0.0251390394606413,0.0111958958772161,-0.082499813940242,-0.111743267352092,-0.0614829766676551,-0.00707974315350415,0.0765427390656642,0.0660303466625637,0.0939163948253471,0.0418530317201181
"311","Surry Mountain Lake",0.0046755652378936,0.0110118506731157,0.0398354816756527,-0.00900013800379591,-0.120392251994968,-0.0814978788680294,-0.026722901654142,-0.131855342612389,0.0891785994085539,0.0781502558812088,0.118285993050785,0.049381044216464
"312","Sutton Lake",0.0118407531232101,0.0216787435201772,0.0297872379094222,-0.0205572056798102,-0.11829687469787,-0.11815782120544,-0.0186721460804655,-0.0536368393166485,0.0962791338546721,0.151631786813917,0.0965155720012334,0.0192097147407593
"313","Table Rock Lake",0.0127391720848322,-0.0157044829480219,0.0311013296772607,-0.037534091983778,-0.12775807795655,-0.170655161190438,-0.0520328715970348,-0.199272742511609,0.086380586175205,0.0721735008372906,0.10297215258812,0.0298926298409271
"314","Tappan Lake",0.110718124446139,-0.00258934855375387,0.0886265345943306,0.0401558921607708,0.0500705196831032,-0.0967922727706717,0.0214046798892822,0.00567491487627686,0.185477984077241,0.0561935881478324,0.17590636115296,0.105351196683196
"315","Taylorsville Lake",0.0832162780034802,0.0350376740980293,0.0974153187976944,-0.0373420432703716,-0.0486914585683235,-0.0892505283680524,0.0391130362557523,-0.112091181483178,0.145249665547771,0.146716785214327,0.154893936485238,0.0936696979679598
"316","Tenkiller Ferry Lake",-0.0333841152793277,-0.0386380495514487,0.042083845409979,-0.0430032108065437,-0.169589325641912,-0.133593774038995,0.0210553018772198,-0.18876065914304,0.0599299147859537,0.0343193300685405,0.0809317297804802,0.0267371275821175
"317","Tioga Lake",-0.00602014016585296,-0.0144955070878503,0.0322503358239667,-0.0550270987654075,-0.088593480893916,-0.109740258239501,-0.00282838970857836,-0.139680222912518,0.0713763120907316,0.0715052781770601,0.0805921050844826,0.00259890341506542
"318","Tionesta Lake",0.0546327150792771,-0.00110361009159278,0.0392383642000987,0.00961515905568841,-0.0288280169127966,-0.2020928177469,-0.0438328028460469,-0.10546697373969,0.143575441629198,0.100120505887214,0.12359597131844,0.0770889487870621
"319","Toronto Lake",0.0501678944761855,0.0309141572623626,0.0599959931344452,-0.00411465698957279,0.00189013480524546,0.00636709494041884,0.0148288527843071,-0.0706713367870012,0.0904650200353948,0.0559388749118327,0.129016503078254,0.0377983924046731
"320","Townshend Reservoir",0.0380659608989202,-0.0173576927403687,0.0470078958866119,0.0197750953095835,-0.0136892801076972,-0.199806303709854,0.0185455978144995,-0.017347486249214,0.0972722720305626,0.130552004669965,0.0760202460411507,0.0502138517689926
"321","Trinidad Reservoir",-0.106990402997428,-0.0500154101257215,-0.00790388211861666,-0.000126825561816462,-0.155301707420058,-0.183363875716758,-0.11118273976213,-0.129429034979977,0.0303966795518408,0.0337907715865504,0.10984534550537,0.0502246190751633
"322","Tuttle Creek Lake",0.0227037004920826,0.101693994633206,0.0905840928222103,0.00510591396408234,-0.0721106865512113,-0.074674508815803,0.0077152633959398,-0.0728928314114107,0.250134361075752,0.546482066874727,0.131262857138659,0.210429841408142
"323","Twin Lakes",0.161329845609921,0.0610793984490238,0.114793929583208,0.0217913394865371,0.0220052257378495,-0.123829107104441,0.0377487882793129,-0.00492961165118867,0.232639072145838,0.258661525278574,0.20741231561417,0.0760181968830318
"324","Tygart Lake",-0.0104220219807556,-0.00979378350522899,0.00254541506873394,-0.00855345725728671,-0.133462283448379,-0.173354544928747,-0.149439958581826,-0.114995122085989,0.0533958920913806,0.157379683965627,0.0812134024551531,0.131074054150977
"325","Upper & Lower Red Lake",0.0196397925835715,0.0222391269446963,0.0154868095689237,0.0274192111114173,-0.0477238223063214,-0.073022824735412,-0.035686641649139,-0.0668488168536869,0.312659075686537,0.144261637920509,0.0847462899197177,0.659087081017349
"326","W. Kerr Scott Reservoir",0.0226975727789525,0.0253889247006639,0.0420182077251744,-0.00156893615036696,-0.087008714249695,-0.0675384289596433,0.010269693810763,-0.125265038339641,0.0864395638485106,0.0995590828924162,0.0962166195700651,0.108044181107445
"327","Waco Lake",0.0853801601824837,0.0548551425219642,0.0698747150877522,0.00853017658334697,-0.0224601751018204,0.00121431598853682,-0.019414630673091,-0.0751625618627637,0.17864114642165,0.122306121519134,0.160776873542702,0.113465039296779
"328","Wagon Train Lake",0.281136048174311,0.127290341513947,0.201664441435403,0.0625593837634621,0.0934682217690956,0.0221884328656035,0.0760842021111338,-0.0345169096959283,0.437242074272039,0.400148311429976,0.43742845050683,0.218394633801257
"329","Wallace Lake",0.155825378802019,0.0999311414963271,0.156173265302788,0.0865450985312299,0.00858302570314789,0.0628554731369224,0.102061145947835,0.0264259272045509,0.261866363822331,0.134416456945695,0.212803354620801,0.185707185102787
"330","Walter F. George Lake",0.00389931899619939,-0.00964939123657737,0.0296932685735888,-0.0655828423924023,-0.120792168670187,-0.104189187224176,-0.0456048533070518,-0.186232402322429,0.0953724253181411,0.0765641202903562,0.0723770993240266,0.0313080762976048
"331","Wappapello Lake",0.079207687770841,0.021184383423539,0.079018007717341,-0.00482687493913823,-0.0298886563199429,-0.0465325944020129,-0.00967960080551422,-0.0780811863280996,0.136379058180577,0.141289222309969,0.259245124141798,0.082649192815284
"332","Warrior Lake",0.0539434293191256,0.0176446839797612,0.0443220871566763,-0.0252490241226966,-0.0103597997635272,-0.049717813576221,-0.00443421268326385,-0.089595352811939,0.20167687782265,0.0994782501231624,0.0928816736468982,0.0664020819993561
"333","Water Conservation Area Combined",0.23994890229416,0.148756501573858,0.207590884648723,0.155911643635933,0.0459957869866294,-0.0292122760621903,0.0972393034550254,-0.816993464052288,0.359475002429596,0.262780747045598,0.308492943233714,0.320380079585834
"334","Waurika Lake",0.0611281922087438,0.0146641655700242,0.0686291303517782,0.0258882716434704,-0.00937293729372891,-0.0262796230849305,-0.00865560196451054,-0.00325522573678454,0.129901181665974,0.0651245136448388,0.0966039982166099,0.0648975714447679
"335","Wehrspann Lake",0.295934579203967,0.0294118496873354,0.14585273910872,0.0374904300617754,0.125118783970623,-0.0868911399857963,0.000862162350858565,-0.0885402141099733,0.399576409137382,0.318018900761984,0.311687558830734,0.343597225455214
"336","West Fork Lake",0.124765515409044,0.064995383402727,0.102425802444871,0.0386708379254288,0.0783338026916217,0.00684243015757842,0.0253039639056503,-0.0401383721938776,0.204226206849861,0.145263220480338,0.184924274674987,0.142011633707097
"337","West Point Lake",0.0295224213037056,-0.0103144379667728,0.0237404453142972,-0.0390674603668255,-0.00470910741506485,-0.0976618932519192,0.005808906053501,-0.0954300233646835,0.0710713114218315,0.0491297672868472,0.0534475878066546,0.0457393714939714
"338","West Thompson Lake",0.0420859263413011,0.0294902148885535,0.0431780040033608,-0.0378108743087836,-0.104455489729991,-0.0469324721467439,-0.0395297381656364,-0.148371859131451,0.122887675166291,0.167303782276153,0.228665723715229,0.125212329316716
"339","White River",0.0691243281593423,0.00898084841946039,0.0711769580530265,-0.00911716986851572,-0.00620348602262181,-0.0664369968156337,0.00602466199320306,-0.0625765052339182,0.128787714996425,0.068499095840868,0.142762174327483,0.0336167015971129
"340","Whitney Lake",0.0616680627690736,0.00830558536308448,0.0310790763762194,0.000915696488657242,-0.00305837730405181,-0.0475489438266132,-0.010905960694531,-0.123986744226623,0.182037169242107,0.0913184283542815,0.131620675431318,0.172710843585334
"341","Whitney Point Lake",0.0774732885359505,-0.0405006050229373,0.0635691391579195,-0.0243775655841234,-0.0726208113037468,-0.168036820514458,-0.0337360603568454,-0.205608976755954,0.19748427672956,0.155492154065621,0.262273744795455,0.0856468610788611
"342","William Dannelly Reservoir",0.0528891530335233,0.0492402713101522,0.0479950519736273,0.00581659073899889,-0.0591514516649343,-0.0481914236162932,-0.00387667755320359,-0.0790734906881553,0.111786831403048,0.625660182918975,0.0936618093710068,0.0545169602316552
"343","William H Harsha Lake",0.0759968976029028,0.00760557993725358,0.0851692456785963,-0.0424363197610849,0.024541796184035,-0.0757508913951734,0.0615209063837019,-0.0907646613675235,0.12165646657802,0.11460504503501,0.121094778989124,0.00968424021232031
"344","Wills Creek Lake",0.0958376374145791,0.034144986726443,0.0867212239105701,0.00423079798015484,0.00523423334823915,-0.0620652705452737,0.029859163594371,-0.11124922311995,0.20001538115188,0.10669382779425,0.18988302410086,0.0543070202794949
"345","Wilson Lake",-0.0407030289424993,-0.0723503846030173,-0.0212341925394175,-0.0836221343287484,-0.114696116714561,-0.197460937106546,-0.0534580123351852,-0.244200269415023,0.0332433979863773,0.00345251898678519,0.00448835719696937,0.0278146240264225
"346","Wister Lake",0.0455624333525555,0.0087852959622473,0.0470419197815017,0.0283476311886887,-0.00556974854843279,-0.0287077181322103,0.00138091755697191,-0.0106382586951815,0.110891553603351,0.0358453018198166,0.0798037805389157,0.0935199362804666
"347","Woodcock Creek Lake",0.124141611117683,-0.0404526130824913,0.0730891594236376,-0.00735084590687984,0.023303699038299,-0.107937606105279,-0.0151394111076913,-0.0239616878436695,0.297676887120688,0.0110015893332939,0.236966942828859,0.023700501107231
"348","Wright Patman Lake",0.115220112407604,0.0470421564288675,0.0812334608820021,0.0521295033543835,-0.00103456038524936,-0.0239965051411853,0.00688281973802975,-0.00633908547699007,0.203798891245664,0.112205695185027,0.198145646399175,0.0928076062630105
"349","Yankee Hill Lake",0.158878040167207,0.107196783337231,0.197870206259328,0.0182687523274596,0.0242480948736296,0.0112399243893313,0.0497403149865167,-0.0439509060752537,0.274400141952826,0.36408756159905,0.351205337353232,0.104669462974399
"350","Yatesville Lake",0.0300035630098241,-0.0184473260749498,0.0306610217663196,-0.0165741455759045,-0.0281971311567713,-0.1150534721428,-0.0798071912162595,-0.0904116312206603,0.077545020213157,0.075889505151616,0.123003260478618,0.0248146937373933
"351","Youghiogheny River Lake",0.0232827835669119,-0.0229999534338689,0.0196803232646521,-0.0437880694669062,-0.082682403514469,-0.16463493880146,-0.0852797718306935,-0.316789928276453,0.0834216769119839,0.130915002021148,0.0948699621274855,0.10378149188976
"352","Zorinksy Lake",0.0805305961468867,-0.0399933016919391,0.0783313177589346,-0.0169814421773039,-0.10895307969988,-0.215674615473615,0.015759098981327,-0.0829150257445376,0.312101910828026,0.0792221358552574,0.14190183441435,0.0355630121476709
